<?xml version="1.0" encoding="UTF-8"?>
<libraryElement:AutomationSystem xmi:version="2.0" xmlns:xmi="http://www.omg.org/XMI" xmlns:libraryElement="org.fordiac.ide.model.libraryElement" name="temexdmodluyben2" id="_9NCCMOFXEeiMgZzesyZImg">
  <versionInfo author="Author" organization="4DIAC-Consortium" version="1.0"/>
  <application comment="" name="temexdmod">
    <fBNetwork href="temexdmod.xml#//@fbNetwork"/>
  </application>
  <application comment="" name="temexdmod2">
    <fBNetwork href="temexdmod2.xml#//@fbNetwork"/>
  </application>
  <application comment="" name="temexdmod3">
    <fBNetwork href="temexdmod3.xml#//@fbNetwork"/>
  </application>
  <application comment="" name="temexdmod4">
    <fBNetwork href="temexdmod4.xml#//@fbNetwork"/>
  </application>
  <systemConfiguration>
    <systemConfigurationNetwork href="SysConf.xml#//@systemConfigNetwork"/>
  </systemConfiguration>
</libraryElement:AutomationSystem>
