<?xml version="1.0" encoding="UTF-8"?>
<org.fordiac.ide.model.ui:UIFBNetwork xmi:version="2.0" xmlns:xmi="http://www.omg.org/XMI" xmlns:xsi="http://www.w3.org/2001/XMLSchema-instance" xmlns:libraryElement="org.fordiac.ide.model.libraryElement" xmlns:org.fordiac.ide.model.ui="org.fordiac.ide.model.ui">
  <children xsi:type="org.fordiac.ide.model.ui:FBView" fb="//@fbNetwork/@fBs.0">
    <position x="624" y="408"/>
    <backgroundColor red="192" green="192" blue="192"/>
    <interfaceElements iInterfaceElement="//@fbNetwork/@fBs.0/@interface/@eventInputs.0" inConnections="//@connections.28" fbNetwork="//@fbNetwork">
      <mappedInterfaceElement href="SysConf.xml#//@children.1/@resourceContainerView/@resources.0/@uIResourceDiagram/@children.1/@interfaceElements.0"/>
    </interfaceElements>
    <interfaceElements iInterfaceElement="//@fbNetwork/@fBs.0/@interface/@eventOutputs.0" outConnections="//@connections.17" fbNetwork="//@fbNetwork">
      <mappedInterfaceElement href="SysConf.xml#//@children.1/@resourceContainerView/@resources.0/@uIResourceDiagram/@children.1/@interfaceElements.1"/>
    </interfaceElements>
    <interfaceElements iInterfaceElement="//@fbNetwork/@fBs.0/@interface/@eventOutputs.1" outConnections="//@connections.14" fbNetwork="//@fbNetwork">
      <mappedInterfaceElement href="SysConf.xml#//@children.1/@resourceContainerView/@resources.0/@uIResourceDiagram/@children.1/@interfaceElements.2"/>
    </interfaceElements>
    <interfaceElements iInterfaceElement="//@fbNetwork/@fBs.0/@interface/@eventOutputs.2" outConnections="//@connections.10" fbNetwork="//@fbNetwork">
      <mappedInterfaceElement href="SysConf.xml#//@children.1/@resourceContainerView/@resources.0/@uIResourceDiagram/@children.1/@interfaceElements.3"/>
    </interfaceElements>
    <interfaceElements iInterfaceElement="//@fbNetwork/@fBs.0/@interface/@eventOutputs.3" outConnections="//@connections.8" fbNetwork="//@fbNetwork">
      <mappedInterfaceElement href="SysConf.xml#//@children.1/@resourceContainerView/@resources.0/@uIResourceDiagram/@children.1/@interfaceElements.4"/>
    </interfaceElements>
    <interfaceElements iInterfaceElement="//@fbNetwork/@fBs.0/@interface/@eventOutputs.4" outConnections="//@connections.4" fbNetwork="//@fbNetwork">
      <mappedInterfaceElement href="SysConf.xml#//@children.1/@resourceContainerView/@resources.0/@uIResourceDiagram/@children.1/@interfaceElements.5"/>
    </interfaceElements>
    <mappedFB href="SysConf.xml#//@children.1/@resourceContainerView/@resources.0/@uIResourceDiagram/@children.1"/>
  </children>
  <children xsi:type="org.fordiac.ide.model.ui:FBView" fb="//@fbNetwork/@fBs.1">
    <position x="-264" y="264"/>
    <backgroundColor red="192" green="192" blue="192"/>
    <interfaceElements iInterfaceElement="//@fbNetwork/@fBs.1/@interface/@eventInputs.0" inConnections="//@connections.2" fbNetwork="//@fbNetwork">
      <mappedInterfaceElement href="SysConf.xml#//@children.1/@resourceContainerView/@resources.0/@uIResourceDiagram/@children.2/@interfaceElements.0"/>
    </interfaceElements>
    <interfaceElements iInterfaceElement="//@fbNetwork/@fBs.1/@interface/@inputVars.0" fbNetwork="//@fbNetwork">
      <mappedInterfaceElement href="SysConf.xml#//@children.1/@resourceContainerView/@resources.0/@uIResourceDiagram/@children.2/@interfaceElements.1"/>
    </interfaceElements>
    <interfaceElements iInterfaceElement="//@fbNetwork/@fBs.1/@interface/@eventOutputs.0" outConnections="//@connections.0" fbNetwork="//@fbNetwork">
      <mappedInterfaceElement href="SysConf.xml#//@children.1/@resourceContainerView/@resources.0/@uIResourceDiagram/@children.2/@interfaceElements.2"/>
    </interfaceElements>
    <interfaceElements iInterfaceElement="//@fbNetwork/@fBs.1/@interface/@outputVars.0" outConnections="//@connections.1" fbNetwork="//@fbNetwork">
      <mappedInterfaceElement href="SysConf.xml#//@children.1/@resourceContainerView/@resources.0/@uIResourceDiagram/@children.2/@interfaceElements.3"/>
    </interfaceElements>
    <mappedFB href="SysConf.xml#//@children.1/@resourceContainerView/@resources.0/@uIResourceDiagram/@children.2"/>
  </children>
  <children xsi:type="org.fordiac.ide.model.ui:FBView" fb="//@fbNetwork/@fBs.2">
    <position x="-96" y="288"/>
    <backgroundColor red="192" green="192" blue="192"/>
    <interfaceElements iInterfaceElement="//@fbNetwork/@fBs.2/@interface/@eventInputs.0" inConnections="//@connections.0" fbNetwork="//@fbNetwork">
      <mappedInterfaceElement href="SysConf.xml#//@children.1/@resourceContainerView/@resources.0/@uIResourceDiagram/@children.3/@interfaceElements.0"/>
    </interfaceElements>
    <interfaceElements iInterfaceElement="//@fbNetwork/@fBs.2/@interface/@eventInputs.1" fbNetwork="//@fbNetwork">
      <mappedInterfaceElement href="SysConf.xml#//@children.1/@resourceContainerView/@resources.0/@uIResourceDiagram/@children.3/@interfaceElements.1"/>
    </interfaceElements>
    <interfaceElements iInterfaceElement="//@fbNetwork/@fBs.2/@interface/@inputVars.0" inConnections="//@connections.1" fbNetwork="//@fbNetwork">
      <mappedInterfaceElement href="SysConf.xml#//@children.1/@resourceContainerView/@resources.0/@uIResourceDiagram/@children.3/@interfaceElements.2"/>
    </interfaceElements>
    <interfaceElements iInterfaceElement="//@fbNetwork/@fBs.2/@interface/@eventOutputs.0" outConnections="//@connections.29" fbNetwork="//@fbNetwork">
      <mappedInterfaceElement href="SysConf.xml#//@children.1/@resourceContainerView/@resources.0/@uIResourceDiagram/@children.3/@interfaceElements.3"/>
    </interfaceElements>
    <mappedFB href="SysConf.xml#//@children.1/@resourceContainerView/@resources.0/@uIResourceDiagram/@children.3"/>
  </children>
  <children xsi:type="org.fordiac.ide.model.ui:FBView" fb="//@fbNetwork/@fBs.3">
    <position x="-432" y="264"/>
    <backgroundColor red="192" green="192" blue="192"/>
    <interfaceElements iInterfaceElement="//@fbNetwork/@fBs.3/@interface/@eventInputs.0" inConnections="//@connections.15" fbNetwork="//@fbNetwork">
      <mappedInterfaceElement href="SysConf.xml#//@children.1/@resourceContainerView/@resources.0/@uIResourceDiagram/@children.4/@interfaceElements.0"/>
    </interfaceElements>
    <interfaceElements iInterfaceElement="//@fbNetwork/@fBs.3/@interface/@eventInputs.1" inConnections="//@connections.12" fbNetwork="//@fbNetwork">
      <mappedInterfaceElement href="SysConf.xml#//@children.1/@resourceContainerView/@resources.0/@uIResourceDiagram/@children.4/@interfaceElements.1"/>
    </interfaceElements>
    <interfaceElements iInterfaceElement="//@fbNetwork/@fBs.3/@interface/@eventInputs.2" inConnections="//@connections.7" fbNetwork="//@fbNetwork">
      <mappedInterfaceElement href="SysConf.xml#//@children.1/@resourceContainerView/@resources.0/@uIResourceDiagram/@children.4/@interfaceElements.2"/>
    </interfaceElements>
    <interfaceElements iInterfaceElement="//@fbNetwork/@fBs.3/@interface/@eventInputs.3" inConnections="//@connections.6" fbNetwork="//@fbNetwork">
      <mappedInterfaceElement href="SysConf.xml#//@children.1/@resourceContainerView/@resources.0/@uIResourceDiagram/@children.4/@interfaceElements.3"/>
    </interfaceElements>
    <interfaceElements iInterfaceElement="//@fbNetwork/@fBs.3/@interface/@eventInputs.4" inConnections="//@connections.5" fbNetwork="//@fbNetwork">
      <mappedInterfaceElement href="SysConf.xml#//@children.1/@resourceContainerView/@resources.0/@uIResourceDiagram/@children.4/@interfaceElements.4"/>
    </interfaceElements>
    <interfaceElements iInterfaceElement="//@fbNetwork/@fBs.3/@interface/@eventOutputs.0" outConnections="//@connections.2" fbNetwork="//@fbNetwork">
      <mappedInterfaceElement href="SysConf.xml#//@children.1/@resourceContainerView/@resources.0/@uIResourceDiagram/@children.4/@interfaceElements.5"/>
    </interfaceElements>
    <mappedFB href="SysConf.xml#//@children.1/@resourceContainerView/@resources.0/@uIResourceDiagram/@children.4"/>
  </children>
  <children xsi:type="org.fordiac.ide.model.ui:FBView" fb="//@fbNetwork/@fBs.4">
    <position x="624" y="96"/>
    <backgroundColor red="192" green="192" blue="192"/>
    <interfaceElements iInterfaceElement="//@fbNetwork/@fBs.4/@interface/@eventInputs.0" inConnections="//@connections.27" fbNetwork="//@fbNetwork">
      <mappedInterfaceElement href="SysConf.xml#//@children.1/@resourceContainerView/@resources.0/@uIResourceDiagram/@children.5/@interfaceElements.0"/>
    </interfaceElements>
    <interfaceElements iInterfaceElement="//@fbNetwork/@fBs.4/@interface/@eventOutputs.0" outConnections="//@connections.16" fbNetwork="//@fbNetwork">
      <mappedInterfaceElement href="SysConf.xml#//@children.1/@resourceContainerView/@resources.0/@uIResourceDiagram/@children.5/@interfaceElements.1"/>
    </interfaceElements>
    <interfaceElements iInterfaceElement="//@fbNetwork/@fBs.4/@interface/@eventOutputs.1" outConnections="//@connections.13" fbNetwork="//@fbNetwork">
      <mappedInterfaceElement href="SysConf.xml#//@children.1/@resourceContainerView/@resources.0/@uIResourceDiagram/@children.5/@interfaceElements.2"/>
    </interfaceElements>
    <interfaceElements iInterfaceElement="//@fbNetwork/@fBs.4/@interface/@eventOutputs.2" outConnections="//@connections.11" fbNetwork="//@fbNetwork">
      <mappedInterfaceElement href="SysConf.xml#//@children.1/@resourceContainerView/@resources.0/@uIResourceDiagram/@children.5/@interfaceElements.3"/>
    </interfaceElements>
    <interfaceElements iInterfaceElement="//@fbNetwork/@fBs.4/@interface/@eventOutputs.3" outConnections="//@connections.9" fbNetwork="//@fbNetwork">
      <mappedInterfaceElement href="SysConf.xml#//@children.1/@resourceContainerView/@resources.0/@uIResourceDiagram/@children.5/@interfaceElements.4"/>
    </interfaceElements>
    <interfaceElements iInterfaceElement="//@fbNetwork/@fBs.4/@interface/@eventOutputs.4" outConnections="//@connections.3" fbNetwork="//@fbNetwork">
      <mappedInterfaceElement href="SysConf.xml#//@children.1/@resourceContainerView/@resources.0/@uIResourceDiagram/@children.5/@interfaceElements.5"/>
    </interfaceElements>
    <mappedFB href="SysConf.xml#//@children.1/@resourceContainerView/@resources.0/@uIResourceDiagram/@children.5"/>
  </children>
  <children xsi:type="org.fordiac.ide.model.ui:FBView" fb="//@fbNetwork/@fBs.5">
    <position x="960" y="144"/>
    <backgroundColor red="192" green="192" blue="192"/>
    <interfaceElements iInterfaceElement="//@fbNetwork/@fBs.5/@interface/@eventInputs.0" inConnections="//@connections.11" fbNetwork="//@fbNetwork">
      <mappedInterfaceElement href="SysConf.xml#//@children.1/@resourceContainerView/@resources.0/@uIResourceDiagram/@children.6/@interfaceElements.0"/>
    </interfaceElements>
    <interfaceElements iInterfaceElement="//@fbNetwork/@fBs.5/@interface/@eventInputs.1" inConnections="//@connections.10" fbNetwork="//@fbNetwork">
      <mappedInterfaceElement href="SysConf.xml#//@children.1/@resourceContainerView/@resources.0/@uIResourceDiagram/@children.6/@interfaceElements.1"/>
    </interfaceElements>
    <interfaceElements iInterfaceElement="//@fbNetwork/@fBs.5/@interface/@inputVars.0" inConnections="//@connections.23" fbNetwork="//@fbNetwork">
      <mappedInterfaceElement href="SysConf.xml#//@children.1/@resourceContainerView/@resources.0/@uIResourceDiagram/@children.6/@interfaceElements.2"/>
    </interfaceElements>
    <interfaceElements iInterfaceElement="//@fbNetwork/@fBs.5/@interface/@inputVars.1" fbNetwork="//@fbNetwork">
      <mappedInterfaceElement href="SysConf.xml#//@children.1/@resourceContainerView/@resources.0/@uIResourceDiagram/@children.6/@interfaceElements.3"/>
    </interfaceElements>
    <interfaceElements iInterfaceElement="//@fbNetwork/@fBs.5/@interface/@inputVars.2" fbNetwork="//@fbNetwork">
      <mappedInterfaceElement href="SysConf.xml#//@children.1/@resourceContainerView/@resources.0/@uIResourceDiagram/@children.6/@interfaceElements.4"/>
    </interfaceElements>
    <interfaceElements iInterfaceElement="//@fbNetwork/@fBs.5/@interface/@inputVars.3" inConnections="//@connections.22" fbNetwork="//@fbNetwork">
      <mappedInterfaceElement href="SysConf.xml#//@children.1/@resourceContainerView/@resources.0/@uIResourceDiagram/@children.6/@interfaceElements.5"/>
    </interfaceElements>
    <interfaceElements iInterfaceElement="//@fbNetwork/@fBs.5/@interface/@inputVars.4" fbNetwork="//@fbNetwork">
      <mappedInterfaceElement href="SysConf.xml#//@children.1/@resourceContainerView/@resources.0/@uIResourceDiagram/@children.6/@interfaceElements.6"/>
    </interfaceElements>
    <interfaceElements iInterfaceElement="//@fbNetwork/@fBs.5/@interface/@inputVars.5" fbNetwork="//@fbNetwork">
      <mappedInterfaceElement href="SysConf.xml#//@children.1/@resourceContainerView/@resources.0/@uIResourceDiagram/@children.6/@interfaceElements.7"/>
    </interfaceElements>
    <interfaceElements iInterfaceElement="//@fbNetwork/@fBs.5/@interface/@eventOutputs.0" fbNetwork="//@fbNetwork">
      <mappedInterfaceElement href="SysConf.xml#//@children.1/@resourceContainerView/@resources.0/@uIResourceDiagram/@children.6/@interfaceElements.8"/>
    </interfaceElements>
    <interfaceElements iInterfaceElement="//@fbNetwork/@fBs.5/@interface/@eventOutputs.1" outConnections="//@connections.7" fbNetwork="//@fbNetwork">
      <mappedInterfaceElement href="SysConf.xml#//@children.1/@resourceContainerView/@resources.0/@uIResourceDiagram/@children.6/@interfaceElements.9"/>
    </interfaceElements>
    <interfaceElements iInterfaceElement="//@fbNetwork/@fBs.5/@interface/@outputVars.0" fbNetwork="//@fbNetwork">
      <mappedInterfaceElement href="SysConf.xml#//@children.1/@resourceContainerView/@resources.0/@uIResourceDiagram/@children.6/@interfaceElements.10"/>
    </interfaceElements>
    <interfaceElements iInterfaceElement="//@fbNetwork/@fBs.5/@interface/@outputVars.1" outConnections="//@connections.36" fbNetwork="//@fbNetwork">
      <mappedInterfaceElement href="SysConf.xml#//@children.1/@resourceContainerView/@resources.0/@uIResourceDiagram/@children.6/@interfaceElements.11"/>
    </interfaceElements>
    <mappedFB href="SysConf.xml#//@children.1/@resourceContainerView/@resources.0/@uIResourceDiagram/@children.6"/>
  </children>
  <children xsi:type="org.fordiac.ide.model.ui:FBView" fb="//@fbNetwork/@fBs.6">
    <position x="1200" y="408"/>
    <backgroundColor red="192" green="192" blue="192"/>
    <interfaceElements iInterfaceElement="//@fbNetwork/@fBs.6/@interface/@eventInputs.0" inConnections="//@connections.9" fbNetwork="//@fbNetwork">
      <mappedInterfaceElement href="SysConf.xml#//@children.1/@resourceContainerView/@resources.0/@uIResourceDiagram/@children.7/@interfaceElements.0"/>
    </interfaceElements>
    <interfaceElements iInterfaceElement="//@fbNetwork/@fBs.6/@interface/@eventInputs.1" inConnections="//@connections.8" fbNetwork="//@fbNetwork">
      <mappedInterfaceElement href="SysConf.xml#//@children.1/@resourceContainerView/@resources.0/@uIResourceDiagram/@children.7/@interfaceElements.1"/>
    </interfaceElements>
    <interfaceElements iInterfaceElement="//@fbNetwork/@fBs.6/@interface/@inputVars.0" inConnections="//@connections.21" fbNetwork="//@fbNetwork">
      <mappedInterfaceElement href="SysConf.xml#//@children.1/@resourceContainerView/@resources.0/@uIResourceDiagram/@children.7/@interfaceElements.2"/>
    </interfaceElements>
    <interfaceElements iInterfaceElement="//@fbNetwork/@fBs.6/@interface/@inputVars.1" fbNetwork="//@fbNetwork">
      <mappedInterfaceElement href="SysConf.xml#//@children.1/@resourceContainerView/@resources.0/@uIResourceDiagram/@children.7/@interfaceElements.3"/>
    </interfaceElements>
    <interfaceElements iInterfaceElement="//@fbNetwork/@fBs.6/@interface/@inputVars.2" fbNetwork="//@fbNetwork">
      <mappedInterfaceElement href="SysConf.xml#//@children.1/@resourceContainerView/@resources.0/@uIResourceDiagram/@children.7/@interfaceElements.4"/>
    </interfaceElements>
    <interfaceElements iInterfaceElement="//@fbNetwork/@fBs.6/@interface/@inputVars.3" inConnections="//@connections.20" fbNetwork="//@fbNetwork">
      <mappedInterfaceElement href="SysConf.xml#//@children.1/@resourceContainerView/@resources.0/@uIResourceDiagram/@children.7/@interfaceElements.5"/>
    </interfaceElements>
    <interfaceElements iInterfaceElement="//@fbNetwork/@fBs.6/@interface/@inputVars.4" fbNetwork="//@fbNetwork">
      <mappedInterfaceElement href="SysConf.xml#//@children.1/@resourceContainerView/@resources.0/@uIResourceDiagram/@children.7/@interfaceElements.6"/>
    </interfaceElements>
    <interfaceElements iInterfaceElement="//@fbNetwork/@fBs.6/@interface/@eventOutputs.0" fbNetwork="//@fbNetwork">
      <mappedInterfaceElement href="SysConf.xml#//@children.1/@resourceContainerView/@resources.0/@uIResourceDiagram/@children.7/@interfaceElements.7"/>
    </interfaceElements>
    <interfaceElements iInterfaceElement="//@fbNetwork/@fBs.6/@interface/@eventOutputs.1" outConnections="//@connections.6" fbNetwork="//@fbNetwork">
      <mappedInterfaceElement href="SysConf.xml#//@children.1/@resourceContainerView/@resources.0/@uIResourceDiagram/@children.7/@interfaceElements.8"/>
    </interfaceElements>
    <interfaceElements iInterfaceElement="//@fbNetwork/@fBs.6/@interface/@outputVars.0" outConnections="//@connections.37" fbNetwork="//@fbNetwork">
      <mappedInterfaceElement href="SysConf.xml#//@children.1/@resourceContainerView/@resources.0/@uIResourceDiagram/@children.7/@interfaceElements.9"/>
    </interfaceElements>
    <interfaceElements iInterfaceElement="//@fbNetwork/@fBs.6/@interface/@outputVars.1" outConnections="//@connections.38" fbNetwork="//@fbNetwork">
      <mappedInterfaceElement href="SysConf.xml#//@children.1/@resourceContainerView/@resources.0/@uIResourceDiagram/@children.7/@interfaceElements.10"/>
    </interfaceElements>
    <mappedFB href="SysConf.xml#//@children.1/@resourceContainerView/@resources.0/@uIResourceDiagram/@children.7"/>
  </children>
  <children xsi:type="org.fordiac.ide.model.ui:FBView" fb="//@fbNetwork/@fBs.7">
    <position x="912" y="648"/>
    <backgroundColor red="192" green="192" blue="192"/>
    <interfaceElements iInterfaceElement="//@fbNetwork/@fBs.7/@interface/@eventInputs.0" inConnections="//@connections.3" fbNetwork="//@fbNetwork">
      <mappedInterfaceElement href="SysConf.xml#//@children.1/@resourceContainerView/@resources.0/@uIResourceDiagram/@children.8/@interfaceElements.0"/>
    </interfaceElements>
    <interfaceElements iInterfaceElement="//@fbNetwork/@fBs.7/@interface/@eventInputs.1" inConnections="//@connections.4" fbNetwork="//@fbNetwork">
      <mappedInterfaceElement href="SysConf.xml#//@children.1/@resourceContainerView/@resources.0/@uIResourceDiagram/@children.8/@interfaceElements.1"/>
    </interfaceElements>
    <interfaceElements iInterfaceElement="//@fbNetwork/@fBs.7/@interface/@inputVars.0" inConnections="//@connections.19" fbNetwork="//@fbNetwork">
      <mappedInterfaceElement href="SysConf.xml#//@children.1/@resourceContainerView/@resources.0/@uIResourceDiagram/@children.8/@interfaceElements.2"/>
    </interfaceElements>
    <interfaceElements iInterfaceElement="//@fbNetwork/@fBs.7/@interface/@inputVars.1" fbNetwork="//@fbNetwork">
      <mappedInterfaceElement href="SysConf.xml#//@children.1/@resourceContainerView/@resources.0/@uIResourceDiagram/@children.8/@interfaceElements.3"/>
    </interfaceElements>
    <interfaceElements iInterfaceElement="//@fbNetwork/@fBs.7/@interface/@inputVars.2" fbNetwork="//@fbNetwork">
      <mappedInterfaceElement href="SysConf.xml#//@children.1/@resourceContainerView/@resources.0/@uIResourceDiagram/@children.8/@interfaceElements.4"/>
    </interfaceElements>
    <interfaceElements iInterfaceElement="//@fbNetwork/@fBs.7/@interface/@inputVars.3" inConnections="//@connections.18" fbNetwork="//@fbNetwork">
      <mappedInterfaceElement href="SysConf.xml#//@children.1/@resourceContainerView/@resources.0/@uIResourceDiagram/@children.8/@interfaceElements.5"/>
    </interfaceElements>
    <interfaceElements iInterfaceElement="//@fbNetwork/@fBs.7/@interface/@inputVars.4" fbNetwork="//@fbNetwork">
      <mappedInterfaceElement href="SysConf.xml#//@children.1/@resourceContainerView/@resources.0/@uIResourceDiagram/@children.8/@interfaceElements.6"/>
    </interfaceElements>
    <interfaceElements iInterfaceElement="//@fbNetwork/@fBs.7/@interface/@inputVars.5" fbNetwork="//@fbNetwork">
      <mappedInterfaceElement href="SysConf.xml#//@children.1/@resourceContainerView/@resources.0/@uIResourceDiagram/@children.8/@interfaceElements.7"/>
    </interfaceElements>
    <interfaceElements iInterfaceElement="//@fbNetwork/@fBs.7/@interface/@eventOutputs.0" fbNetwork="//@fbNetwork">
      <mappedInterfaceElement href="SysConf.xml#//@children.1/@resourceContainerView/@resources.0/@uIResourceDiagram/@children.8/@interfaceElements.8"/>
    </interfaceElements>
    <interfaceElements iInterfaceElement="//@fbNetwork/@fBs.7/@interface/@eventOutputs.1" outConnections="//@connections.5" fbNetwork="//@fbNetwork">
      <mappedInterfaceElement href="SysConf.xml#//@children.1/@resourceContainerView/@resources.0/@uIResourceDiagram/@children.8/@interfaceElements.9"/>
    </interfaceElements>
    <interfaceElements iInterfaceElement="//@fbNetwork/@fBs.7/@interface/@outputVars.0" outConnections="//@connections.30" fbNetwork="//@fbNetwork">
      <mappedInterfaceElement href="SysConf.xml#//@children.1/@resourceContainerView/@resources.0/@uIResourceDiagram/@children.8/@interfaceElements.10"/>
    </interfaceElements>
    <interfaceElements iInterfaceElement="//@fbNetwork/@fBs.7/@interface/@outputVars.1" outConnections="//@connections.39" fbNetwork="//@fbNetwork">
      <mappedInterfaceElement href="SysConf.xml#//@children.1/@resourceContainerView/@resources.0/@uIResourceDiagram/@children.8/@interfaceElements.11"/>
    </interfaceElements>
    <mappedFB href="SysConf.xml#//@children.1/@resourceContainerView/@resources.0/@uIResourceDiagram/@children.8"/>
  </children>
  <children xsi:type="org.fordiac.ide.model.ui:FBView" fb="//@fbNetwork/@fBs.8">
    <position x="768" y="-288"/>
    <backgroundColor red="192" green="192" blue="192"/>
    <interfaceElements iInterfaceElement="//@fbNetwork/@fBs.8/@interface/@eventInputs.0" inConnections="//@connections.16" fbNetwork="//@fbNetwork">
      <mappedInterfaceElement href="SysConf.xml#//@children.1/@resourceContainerView/@resources.0/@uIResourceDiagram/@children.9/@interfaceElements.0"/>
    </interfaceElements>
    <interfaceElements iInterfaceElement="//@fbNetwork/@fBs.8/@interface/@eventInputs.1" inConnections="//@connections.17" fbNetwork="//@fbNetwork">
      <mappedInterfaceElement href="SysConf.xml#//@children.1/@resourceContainerView/@resources.0/@uIResourceDiagram/@children.9/@interfaceElements.1"/>
    </interfaceElements>
    <interfaceElements iInterfaceElement="//@fbNetwork/@fBs.8/@interface/@inputVars.0" inConnections="//@connections.26" fbNetwork="//@fbNetwork">
      <mappedInterfaceElement href="SysConf.xml#//@children.1/@resourceContainerView/@resources.0/@uIResourceDiagram/@children.9/@interfaceElements.2"/>
    </interfaceElements>
    <interfaceElements iInterfaceElement="//@fbNetwork/@fBs.8/@interface/@inputVars.1" fbNetwork="//@fbNetwork">
      <mappedInterfaceElement href="SysConf.xml#//@children.1/@resourceContainerView/@resources.0/@uIResourceDiagram/@children.9/@interfaceElements.3"/>
    </interfaceElements>
    <interfaceElements iInterfaceElement="//@fbNetwork/@fBs.8/@interface/@inputVars.2" fbNetwork="//@fbNetwork">
      <mappedInterfaceElement href="SysConf.xml#//@children.1/@resourceContainerView/@resources.0/@uIResourceDiagram/@children.9/@interfaceElements.4"/>
    </interfaceElements>
    <interfaceElements iInterfaceElement="//@fbNetwork/@fBs.8/@interface/@inputVars.3" inConnections="//@connections.25" fbNetwork="//@fbNetwork">
      <mappedInterfaceElement href="SysConf.xml#//@children.1/@resourceContainerView/@resources.0/@uIResourceDiagram/@children.9/@interfaceElements.5"/>
    </interfaceElements>
    <interfaceElements iInterfaceElement="//@fbNetwork/@fBs.8/@interface/@inputVars.4" fbNetwork="//@fbNetwork">
      <mappedInterfaceElement href="SysConf.xml#//@children.1/@resourceContainerView/@resources.0/@uIResourceDiagram/@children.9/@interfaceElements.6"/>
    </interfaceElements>
    <interfaceElements iInterfaceElement="//@fbNetwork/@fBs.8/@interface/@inputVars.5" fbNetwork="//@fbNetwork">
      <mappedInterfaceElement href="SysConf.xml#//@children.1/@resourceContainerView/@resources.0/@uIResourceDiagram/@children.9/@interfaceElements.7"/>
    </interfaceElements>
    <interfaceElements iInterfaceElement="//@fbNetwork/@fBs.8/@interface/@eventOutputs.0" fbNetwork="//@fbNetwork">
      <mappedInterfaceElement href="SysConf.xml#//@children.1/@resourceContainerView/@resources.0/@uIResourceDiagram/@children.9/@interfaceElements.8"/>
    </interfaceElements>
    <interfaceElements iInterfaceElement="//@fbNetwork/@fBs.8/@interface/@eventOutputs.1" outConnections="//@connections.15" fbNetwork="//@fbNetwork">
      <mappedInterfaceElement href="SysConf.xml#//@children.1/@resourceContainerView/@resources.0/@uIResourceDiagram/@children.9/@interfaceElements.9"/>
    </interfaceElements>
    <interfaceElements iInterfaceElement="//@fbNetwork/@fBs.8/@interface/@outputVars.0" outConnections="//@connections.31" fbNetwork="//@fbNetwork">
      <mappedInterfaceElement href="SysConf.xml#//@children.1/@resourceContainerView/@resources.0/@uIResourceDiagram/@children.9/@interfaceElements.10"/>
    </interfaceElements>
    <interfaceElements iInterfaceElement="//@fbNetwork/@fBs.8/@interface/@outputVars.1" outConnections="//@connections.32 //@connections.40" fbNetwork="//@fbNetwork">
      <mappedInterfaceElement href="SysConf.xml#//@children.1/@resourceContainerView/@resources.0/@uIResourceDiagram/@children.9/@interfaceElements.11"/>
    </interfaceElements>
    <mappedFB href="SysConf.xml#//@children.1/@resourceContainerView/@resources.0/@uIResourceDiagram/@children.9"/>
  </children>
  <children xsi:type="org.fordiac.ide.model.ui:FBView" fb="//@fbNetwork/@fBs.9">
    <position x="1224" y="-144"/>
    <backgroundColor red="192" green="192" blue="192"/>
    <interfaceElements iInterfaceElement="//@fbNetwork/@fBs.9/@interface/@eventInputs.0" inConnections="//@connections.13" fbNetwork="//@fbNetwork"/>
    <interfaceElements iInterfaceElement="//@fbNetwork/@fBs.9/@interface/@eventInputs.1" inConnections="//@connections.14" fbNetwork="//@fbNetwork"/>
    <interfaceElements iInterfaceElement="//@fbNetwork/@fBs.9/@interface/@inputVars.0" inConnections="//@connections.40" fbNetwork="//@fbNetwork"/>
    <interfaceElements iInterfaceElement="//@fbNetwork/@fBs.9/@interface/@inputVars.1" fbNetwork="//@fbNetwork"/>
    <interfaceElements iInterfaceElement="//@fbNetwork/@fBs.9/@interface/@inputVars.2" fbNetwork="//@fbNetwork"/>
    <interfaceElements iInterfaceElement="//@fbNetwork/@fBs.9/@interface/@inputVars.3" inConnections="//@connections.24" fbNetwork="//@fbNetwork"/>
    <interfaceElements iInterfaceElement="//@fbNetwork/@fBs.9/@interface/@inputVars.4" fbNetwork="//@fbNetwork"/>
    <interfaceElements iInterfaceElement="//@fbNetwork/@fBs.9/@interface/@inputVars.5" fbNetwork="//@fbNetwork"/>
    <interfaceElements iInterfaceElement="//@fbNetwork/@fBs.9/@interface/@inputVars.6" fbNetwork="//@fbNetwork"/>
    <interfaceElements iInterfaceElement="//@fbNetwork/@fBs.9/@interface/@eventOutputs.0" fbNetwork="//@fbNetwork"/>
    <interfaceElements iInterfaceElement="//@fbNetwork/@fBs.9/@interface/@eventOutputs.1" outConnections="//@connections.12" fbNetwork="//@fbNetwork"/>
    <interfaceElements iInterfaceElement="//@fbNetwork/@fBs.9/@interface/@outputVars.0" outConnections="//@connections.33" fbNetwork="//@fbNetwork"/>
    <interfaceElements iInterfaceElement="//@fbNetwork/@fBs.9/@interface/@outputVars.1" outConnections="//@connections.34" fbNetwork="//@fbNetwork"/>
    <interfaceElements iInterfaceElement="//@fbNetwork/@fBs.9/@interface/@outputVars.2" outConnections="//@connections.35" fbNetwork="//@fbNetwork"/>
  </children>
  <children xsi:type="org.fordiac.ide.model.ui:FBView" fb="//@fbNetwork/@fBs.10">
    <position x="168" y="312"/>
    <backgroundColor red="192" green="192" blue="192"/>
    <interfaceElements iInterfaceElement="//@fbNetwork/@fBs.10/@interface/@eventInputs.0" fbNetwork="//@fbNetwork">
      <mappedInterfaceElement href="SysConf.xml#//@children.1/@resourceContainerView/@resources.0/@uIResourceDiagram/@children.10/@interfaceElements.0"/>
    </interfaceElements>
    <interfaceElements iInterfaceElement="//@fbNetwork/@fBs.10/@interface/@eventInputs.1" inConnections="//@connections.29" fbNetwork="//@fbNetwork">
      <mappedInterfaceElement href="SysConf.xml#//@children.1/@resourceContainerView/@resources.0/@uIResourceDiagram/@children.10/@interfaceElements.1"/>
    </interfaceElements>
    <interfaceElements iInterfaceElement="//@fbNetwork/@fBs.10/@interface/@inputVars.0" fbNetwork="//@fbNetwork">
      <mappedInterfaceElement href="SysConf.xml#//@children.1/@resourceContainerView/@resources.0/@uIResourceDiagram/@children.10/@interfaceElements.2"/>
    </interfaceElements>
    <interfaceElements iInterfaceElement="//@fbNetwork/@fBs.10/@interface/@inputVars.1" fbNetwork="//@fbNetwork">
      <mappedInterfaceElement href="SysConf.xml#//@children.1/@resourceContainerView/@resources.0/@uIResourceDiagram/@children.10/@interfaceElements.3"/>
    </interfaceElements>
    <interfaceElements iInterfaceElement="//@fbNetwork/@fBs.10/@interface/@inputVars.2" fbNetwork="//@fbNetwork">
      <mappedInterfaceElement href="SysConf.xml#//@children.1/@resourceContainerView/@resources.0/@uIResourceDiagram/@children.10/@interfaceElements.4"/>
    </interfaceElements>
    <interfaceElements iInterfaceElement="//@fbNetwork/@fBs.10/@interface/@inputVars.3" fbNetwork="//@fbNetwork">
      <mappedInterfaceElement href="SysConf.xml#//@children.1/@resourceContainerView/@resources.0/@uIResourceDiagram/@children.10/@interfaceElements.5"/>
    </interfaceElements>
    <interfaceElements iInterfaceElement="//@fbNetwork/@fBs.10/@interface/@inputVars.4" fbNetwork="//@fbNetwork">
      <mappedInterfaceElement href="SysConf.xml#//@children.1/@resourceContainerView/@resources.0/@uIResourceDiagram/@children.10/@interfaceElements.6"/>
    </interfaceElements>
    <interfaceElements iInterfaceElement="//@fbNetwork/@fBs.10/@interface/@inputVars.5" fbNetwork="//@fbNetwork">
      <mappedInterfaceElement href="SysConf.xml#//@children.1/@resourceContainerView/@resources.0/@uIResourceDiagram/@children.10/@interfaceElements.7"/>
    </interfaceElements>
    <interfaceElements iInterfaceElement="//@fbNetwork/@fBs.10/@interface/@inputVars.6" inConnections="//@connections.31" fbNetwork="//@fbNetwork">
      <mappedInterfaceElement href="SysConf.xml#//@children.1/@resourceContainerView/@resources.0/@uIResourceDiagram/@children.10/@interfaceElements.8"/>
    </interfaceElements>
    <interfaceElements iInterfaceElement="//@fbNetwork/@fBs.10/@interface/@inputVars.7" inConnections="//@connections.32" fbNetwork="//@fbNetwork">
      <mappedInterfaceElement href="SysConf.xml#//@children.1/@resourceContainerView/@resources.0/@uIResourceDiagram/@children.10/@interfaceElements.9"/>
    </interfaceElements>
    <interfaceElements iInterfaceElement="//@fbNetwork/@fBs.10/@interface/@inputVars.8" inConnections="//@connections.33" fbNetwork="//@fbNetwork">
      <mappedInterfaceElement href="SysConf.xml#//@children.1/@resourceContainerView/@resources.0/@uIResourceDiagram/@children.10/@interfaceElements.10"/>
    </interfaceElements>
    <interfaceElements iInterfaceElement="//@fbNetwork/@fBs.10/@interface/@inputVars.9" inConnections="//@connections.34" fbNetwork="//@fbNetwork">
      <mappedInterfaceElement href="SysConf.xml#//@children.1/@resourceContainerView/@resources.0/@uIResourceDiagram/@children.10/@interfaceElements.11"/>
    </interfaceElements>
    <interfaceElements iInterfaceElement="//@fbNetwork/@fBs.10/@interface/@inputVars.10" inConnections="//@connections.35" fbNetwork="//@fbNetwork">
      <mappedInterfaceElement href="SysConf.xml#//@children.1/@resourceContainerView/@resources.0/@uIResourceDiagram/@children.10/@interfaceElements.12"/>
    </interfaceElements>
    <interfaceElements iInterfaceElement="//@fbNetwork/@fBs.10/@interface/@inputVars.11" inConnections="//@connections.36" fbNetwork="//@fbNetwork">
      <mappedInterfaceElement href="SysConf.xml#//@children.1/@resourceContainerView/@resources.0/@uIResourceDiagram/@children.10/@interfaceElements.13"/>
    </interfaceElements>
    <interfaceElements iInterfaceElement="//@fbNetwork/@fBs.10/@interface/@inputVars.12" inConnections="//@connections.37" fbNetwork="//@fbNetwork">
      <mappedInterfaceElement href="SysConf.xml#//@children.1/@resourceContainerView/@resources.0/@uIResourceDiagram/@children.10/@interfaceElements.14"/>
    </interfaceElements>
    <interfaceElements iInterfaceElement="//@fbNetwork/@fBs.10/@interface/@inputVars.13" inConnections="//@connections.38" fbNetwork="//@fbNetwork">
      <mappedInterfaceElement href="SysConf.xml#//@children.1/@resourceContainerView/@resources.0/@uIResourceDiagram/@children.10/@interfaceElements.15"/>
    </interfaceElements>
    <interfaceElements iInterfaceElement="//@fbNetwork/@fBs.10/@interface/@inputVars.14" inConnections="//@connections.30" fbNetwork="//@fbNetwork">
      <mappedInterfaceElement href="SysConf.xml#//@children.1/@resourceContainerView/@resources.0/@uIResourceDiagram/@children.10/@interfaceElements.16"/>
    </interfaceElements>
    <interfaceElements iInterfaceElement="//@fbNetwork/@fBs.10/@interface/@inputVars.15" inConnections="//@connections.39" fbNetwork="//@fbNetwork">
      <mappedInterfaceElement href="SysConf.xml#//@children.1/@resourceContainerView/@resources.0/@uIResourceDiagram/@children.10/@interfaceElements.17"/>
    </interfaceElements>
    <interfaceElements iInterfaceElement="//@fbNetwork/@fBs.10/@interface/@eventOutputs.0" outConnections="//@connections.27" fbNetwork="//@fbNetwork">
      <mappedInterfaceElement href="SysConf.xml#//@children.1/@resourceContainerView/@resources.0/@uIResourceDiagram/@children.10/@interfaceElements.18"/>
    </interfaceElements>
    <interfaceElements iInterfaceElement="//@fbNetwork/@fBs.10/@interface/@eventOutputs.1" outConnections="//@connections.28" fbNetwork="//@fbNetwork">
      <mappedInterfaceElement href="SysConf.xml#//@children.1/@resourceContainerView/@resources.0/@uIResourceDiagram/@children.10/@interfaceElements.19"/>
    </interfaceElements>
    <interfaceElements iInterfaceElement="//@fbNetwork/@fBs.10/@interface/@outputVars.0" fbNetwork="//@fbNetwork">
      <mappedInterfaceElement href="SysConf.xml#//@children.1/@resourceContainerView/@resources.0/@uIResourceDiagram/@children.10/@interfaceElements.20"/>
    </interfaceElements>
    <interfaceElements iInterfaceElement="//@fbNetwork/@fBs.10/@interface/@outputVars.1" fbNetwork="//@fbNetwork">
      <mappedInterfaceElement href="SysConf.xml#//@children.1/@resourceContainerView/@resources.0/@uIResourceDiagram/@children.10/@interfaceElements.21"/>
    </interfaceElements>
    <interfaceElements iInterfaceElement="//@fbNetwork/@fBs.10/@interface/@outputVars.2" fbNetwork="//@fbNetwork">
      <mappedInterfaceElement href="SysConf.xml#//@children.1/@resourceContainerView/@resources.0/@uIResourceDiagram/@children.10/@interfaceElements.22"/>
    </interfaceElements>
    <interfaceElements iInterfaceElement="//@fbNetwork/@fBs.10/@interface/@outputVars.3" fbNetwork="//@fbNetwork">
      <mappedInterfaceElement href="SysConf.xml#//@children.1/@resourceContainerView/@resources.0/@uIResourceDiagram/@children.10/@interfaceElements.23"/>
    </interfaceElements>
    <interfaceElements iInterfaceElement="//@fbNetwork/@fBs.10/@interface/@outputVars.4" fbNetwork="//@fbNetwork">
      <mappedInterfaceElement href="SysConf.xml#//@children.1/@resourceContainerView/@resources.0/@uIResourceDiagram/@children.10/@interfaceElements.24"/>
    </interfaceElements>
    <interfaceElements iInterfaceElement="//@fbNetwork/@fBs.10/@interface/@outputVars.5" fbNetwork="//@fbNetwork">
      <mappedInterfaceElement href="SysConf.xml#//@children.1/@resourceContainerView/@resources.0/@uIResourceDiagram/@children.10/@interfaceElements.25"/>
    </interfaceElements>
    <interfaceElements iInterfaceElement="//@fbNetwork/@fBs.10/@interface/@outputVars.6" fbNetwork="//@fbNetwork">
      <mappedInterfaceElement href="SysConf.xml#//@children.1/@resourceContainerView/@resources.0/@uIResourceDiagram/@children.10/@interfaceElements.26"/>
    </interfaceElements>
    <interfaceElements iInterfaceElement="//@fbNetwork/@fBs.10/@interface/@outputVars.7" fbNetwork="//@fbNetwork">
      <mappedInterfaceElement href="SysConf.xml#//@children.1/@resourceContainerView/@resources.0/@uIResourceDiagram/@children.10/@interfaceElements.27"/>
    </interfaceElements>
    <interfaceElements iInterfaceElement="//@fbNetwork/@fBs.10/@interface/@outputVars.8" fbNetwork="//@fbNetwork">
      <mappedInterfaceElement href="SysConf.xml#//@children.1/@resourceContainerView/@resources.0/@uIResourceDiagram/@children.10/@interfaceElements.28"/>
    </interfaceElements>
    <interfaceElements iInterfaceElement="//@fbNetwork/@fBs.10/@interface/@outputVars.9" fbNetwork="//@fbNetwork">
      <mappedInterfaceElement href="SysConf.xml#//@children.1/@resourceContainerView/@resources.0/@uIResourceDiagram/@children.10/@interfaceElements.29"/>
    </interfaceElements>
    <interfaceElements iInterfaceElement="//@fbNetwork/@fBs.10/@interface/@outputVars.10" outConnections="//@connections.26" fbNetwork="//@fbNetwork">
      <mappedInterfaceElement href="SysConf.xml#//@children.1/@resourceContainerView/@resources.0/@uIResourceDiagram/@children.10/@interfaceElements.30"/>
    </interfaceElements>
    <interfaceElements iInterfaceElement="//@fbNetwork/@fBs.10/@interface/@outputVars.11" outConnections="//@connections.25" fbNetwork="//@fbNetwork">
      <mappedInterfaceElement href="SysConf.xml#//@children.1/@resourceContainerView/@resources.0/@uIResourceDiagram/@children.10/@interfaceElements.31"/>
    </interfaceElements>
    <interfaceElements iInterfaceElement="//@fbNetwork/@fBs.10/@interface/@outputVars.12" fbNetwork="//@fbNetwork">
      <mappedInterfaceElement href="SysConf.xml#//@children.1/@resourceContainerView/@resources.0/@uIResourceDiagram/@children.10/@interfaceElements.32"/>
    </interfaceElements>
    <interfaceElements iInterfaceElement="//@fbNetwork/@fBs.10/@interface/@outputVars.13" outConnections="//@connections.24" fbNetwork="//@fbNetwork">
      <mappedInterfaceElement href="SysConf.xml#//@children.1/@resourceContainerView/@resources.0/@uIResourceDiagram/@children.10/@interfaceElements.33"/>
    </interfaceElements>
    <interfaceElements iInterfaceElement="//@fbNetwork/@fBs.10/@interface/@outputVars.14" outConnections="//@connections.23" fbNetwork="//@fbNetwork">
      <mappedInterfaceElement href="SysConf.xml#//@children.1/@resourceContainerView/@resources.0/@uIResourceDiagram/@children.10/@interfaceElements.34"/>
    </interfaceElements>
    <interfaceElements iInterfaceElement="//@fbNetwork/@fBs.10/@interface/@outputVars.15" outConnections="//@connections.22" fbNetwork="//@fbNetwork">
      <mappedInterfaceElement href="SysConf.xml#//@children.1/@resourceContainerView/@resources.0/@uIResourceDiagram/@children.10/@interfaceElements.35"/>
    </interfaceElements>
    <interfaceElements iInterfaceElement="//@fbNetwork/@fBs.10/@interface/@outputVars.16" outConnections="//@connections.21" fbNetwork="//@fbNetwork">
      <mappedInterfaceElement href="SysConf.xml#//@children.1/@resourceContainerView/@resources.0/@uIResourceDiagram/@children.10/@interfaceElements.36"/>
    </interfaceElements>
    <interfaceElements iInterfaceElement="//@fbNetwork/@fBs.10/@interface/@outputVars.17" outConnections="//@connections.20" fbNetwork="//@fbNetwork">
      <mappedInterfaceElement href="SysConf.xml#//@children.1/@resourceContainerView/@resources.0/@uIResourceDiagram/@children.10/@interfaceElements.37"/>
    </interfaceElements>
    <interfaceElements iInterfaceElement="//@fbNetwork/@fBs.10/@interface/@outputVars.18" outConnections="//@connections.19" fbNetwork="//@fbNetwork">
      <mappedInterfaceElement href="SysConf.xml#//@children.1/@resourceContainerView/@resources.0/@uIResourceDiagram/@children.10/@interfaceElements.38"/>
    </interfaceElements>
    <interfaceElements iInterfaceElement="//@fbNetwork/@fBs.10/@interface/@outputVars.19" outConnections="//@connections.18" fbNetwork="//@fbNetwork">
      <mappedInterfaceElement href="SysConf.xml#//@children.1/@resourceContainerView/@resources.0/@uIResourceDiagram/@children.10/@interfaceElements.39"/>
    </interfaceElements>
    <mappedFB href="SysConf.xml#//@children.1/@resourceContainerView/@resources.0/@uIResourceDiagram/@children.10"/>
  </children>
  <connections xsi:type="org.fordiac.ide.model.ui:ConnectionView" source="//@children.1/@interfaceElements.2" destination="//@children.2/@interfaceElements.0">
    <connectionElement xsi:type="libraryElement:EventConnection" href="SysConf.xml#//@systemConfigNetwork/@devices.0/@resource.0/@fBNetwork/@eventConnections.0"/>
  </connections>
  <connections xsi:type="org.fordiac.ide.model.ui:ConnectionView" source="//@children.1/@interfaceElements.3" destination="//@children.2/@interfaceElements.2">
    <connectionElement xsi:type="libraryElement:DataConnection" href="SysConf.xml#//@systemConfigNetwork/@devices.0/@resource.0/@fBNetwork/@dataConnections.0"/>
  </connections>
  <connections xsi:type="org.fordiac.ide.model.ui:ConnectionView" source="//@children.3/@interfaceElements.5" destination="//@children.1/@interfaceElements.0">
    <connectionElement xsi:type="libraryElement:EventConnection" href="SysConf.xml#//@systemConfigNetwork/@devices.0/@resource.0/@fBNetwork/@eventConnections.3"/>
  </connections>
  <connections xsi:type="org.fordiac.ide.model.ui:ConnectionView" source="//@children.4/@interfaceElements.5" destination="//@children.7/@interfaceElements.0">
    <connectionElement xsi:type="libraryElement:EventConnection" href="SysConf.xml#//@systemConfigNetwork/@devices.0/@resource.0/@fBNetwork/@eventConnections.4"/>
  </connections>
  <connections xsi:type="org.fordiac.ide.model.ui:ConnectionView" source="//@children.0/@interfaceElements.5" destination="//@children.7/@interfaceElements.1">
    <connectionElement xsi:type="libraryElement:EventConnection" href="SysConf.xml#//@systemConfigNetwork/@devices.0/@resource.0/@fBNetwork/@eventConnections.5"/>
  </connections>
  <connections xsi:type="org.fordiac.ide.model.ui:ConnectionView" source="//@children.7/@interfaceElements.9" destination="//@children.3/@interfaceElements.4">
    <connectionElement xsi:type="libraryElement:EventConnection" href="SysConf.xml#//@systemConfigNetwork/@devices.0/@resource.0/@fBNetwork/@eventConnections.6"/>
  </connections>
  <connections xsi:type="org.fordiac.ide.model.ui:ConnectionView" source="//@children.6/@interfaceElements.8" destination="//@children.3/@interfaceElements.3">
    <connectionElement xsi:type="libraryElement:EventConnection" href="SysConf.xml#//@systemConfigNetwork/@devices.0/@resource.0/@fBNetwork/@eventConnections.7"/>
  </connections>
  <connections xsi:type="org.fordiac.ide.model.ui:ConnectionView" source="//@children.5/@interfaceElements.9" destination="//@children.3/@interfaceElements.2">
    <connectionElement xsi:type="libraryElement:EventConnection" href="SysConf.xml#//@systemConfigNetwork/@devices.0/@resource.0/@fBNetwork/@eventConnections.8"/>
  </connections>
  <connections xsi:type="org.fordiac.ide.model.ui:ConnectionView" source="//@children.0/@interfaceElements.4" destination="//@children.6/@interfaceElements.1">
    <connectionElement xsi:type="libraryElement:EventConnection" href="SysConf.xml#//@systemConfigNetwork/@devices.0/@resource.0/@fBNetwork/@eventConnections.9"/>
  </connections>
  <connections xsi:type="org.fordiac.ide.model.ui:ConnectionView" source="//@children.4/@interfaceElements.4" destination="//@children.6/@interfaceElements.0">
    <connectionElement xsi:type="libraryElement:EventConnection" href="SysConf.xml#//@systemConfigNetwork/@devices.0/@resource.0/@fBNetwork/@eventConnections.10"/>
  </connections>
  <connections xsi:type="org.fordiac.ide.model.ui:ConnectionView" source="//@children.0/@interfaceElements.3" destination="//@children.5/@interfaceElements.1">
    <connectionElement xsi:type="libraryElement:EventConnection" href="SysConf.xml#//@systemConfigNetwork/@devices.0/@resource.0/@fBNetwork/@eventConnections.11"/>
  </connections>
  <connections xsi:type="org.fordiac.ide.model.ui:ConnectionView" source="//@children.4/@interfaceElements.3" destination="//@children.5/@interfaceElements.0">
    <connectionElement xsi:type="libraryElement:EventConnection" href="SysConf.xml#//@systemConfigNetwork/@devices.0/@resource.0/@fBNetwork/@eventConnections.12"/>
  </connections>
  <connections xsi:type="org.fordiac.ide.model.ui:ConnectionView" connectionElement="//@fbNetwork/@eventConnections.2" source="//@children.9/@interfaceElements.10" destination="//@children.3/@interfaceElements.1"/>
  <connections xsi:type="org.fordiac.ide.model.ui:ConnectionView" connectionElement="//@fbNetwork/@eventConnections.0" source="//@children.4/@interfaceElements.2" destination="//@children.9/@interfaceElements.0"/>
  <connections xsi:type="org.fordiac.ide.model.ui:ConnectionView" connectionElement="//@fbNetwork/@eventConnections.1" source="//@children.0/@interfaceElements.2" destination="//@children.9/@interfaceElements.1"/>
  <connections xsi:type="org.fordiac.ide.model.ui:ConnectionView" source="//@children.8/@interfaceElements.9" destination="//@children.3/@interfaceElements.0">
    <connectionElement xsi:type="libraryElement:EventConnection" href="SysConf.xml#//@systemConfigNetwork/@devices.0/@resource.0/@fBNetwork/@eventConnections.13"/>
  </connections>
  <connections xsi:type="org.fordiac.ide.model.ui:ConnectionView" source="//@children.4/@interfaceElements.1" destination="//@children.8/@interfaceElements.0">
    <connectionElement xsi:type="libraryElement:EventConnection" href="SysConf.xml#//@systemConfigNetwork/@devices.0/@resource.0/@fBNetwork/@eventConnections.14"/>
  </connections>
  <connections xsi:type="org.fordiac.ide.model.ui:ConnectionView" source="//@children.0/@interfaceElements.1" destination="//@children.8/@interfaceElements.1">
    <connectionElement xsi:type="libraryElement:EventConnection" href="SysConf.xml#//@systemConfigNetwork/@devices.0/@resource.0/@fBNetwork/@eventConnections.15"/>
  </connections>
  <connections xsi:type="org.fordiac.ide.model.ui:ConnectionView" source="//@children.10/@interfaceElements.39" destination="//@children.7/@interfaceElements.5">
    <connectionElement xsi:type="libraryElement:DataConnection" href="SysConf.xml#//@systemConfigNetwork/@devices.0/@resource.0/@fBNetwork/@dataConnections.1"/>
  </connections>
  <connections xsi:type="org.fordiac.ide.model.ui:ConnectionView" source="//@children.10/@interfaceElements.38" destination="//@children.7/@interfaceElements.2">
    <connectionElement xsi:type="libraryElement:DataConnection" href="SysConf.xml#//@systemConfigNetwork/@devices.0/@resource.0/@fBNetwork/@dataConnections.2"/>
  </connections>
  <connections xsi:type="org.fordiac.ide.model.ui:ConnectionView" source="//@children.10/@interfaceElements.37" destination="//@children.6/@interfaceElements.5">
    <connectionElement xsi:type="libraryElement:DataConnection" href="SysConf.xml#//@systemConfigNetwork/@devices.0/@resource.0/@fBNetwork/@dataConnections.3"/>
  </connections>
  <connections xsi:type="org.fordiac.ide.model.ui:ConnectionView" source="//@children.10/@interfaceElements.36" destination="//@children.6/@interfaceElements.2">
    <connectionElement xsi:type="libraryElement:DataConnection" href="SysConf.xml#//@systemConfigNetwork/@devices.0/@resource.0/@fBNetwork/@dataConnections.4"/>
  </connections>
  <connections xsi:type="org.fordiac.ide.model.ui:ConnectionView" source="//@children.10/@interfaceElements.35" destination="//@children.5/@interfaceElements.5">
    <connectionElement xsi:type="libraryElement:DataConnection" href="SysConf.xml#//@systemConfigNetwork/@devices.0/@resource.0/@fBNetwork/@dataConnections.5"/>
  </connections>
  <connections xsi:type="org.fordiac.ide.model.ui:ConnectionView" source="//@children.10/@interfaceElements.34" destination="//@children.5/@interfaceElements.2">
    <connectionElement xsi:type="libraryElement:DataConnection" href="SysConf.xml#//@systemConfigNetwork/@devices.0/@resource.0/@fBNetwork/@dataConnections.6"/>
  </connections>
  <connections xsi:type="org.fordiac.ide.model.ui:ConnectionView" connectionElement="//@fbNetwork/@dataConnections.1" source="//@children.10/@interfaceElements.33" destination="//@children.9/@interfaceElements.5"/>
  <connections xsi:type="org.fordiac.ide.model.ui:ConnectionView" source="//@children.10/@interfaceElements.31" destination="//@children.8/@interfaceElements.5">
    <connectionElement xsi:type="libraryElement:DataConnection" href="SysConf.xml#//@systemConfigNetwork/@devices.0/@resource.0/@fBNetwork/@dataConnections.7"/>
  </connections>
  <connections xsi:type="org.fordiac.ide.model.ui:ConnectionView" source="//@children.10/@interfaceElements.30" destination="//@children.8/@interfaceElements.2">
    <connectionElement xsi:type="libraryElement:DataConnection" href="SysConf.xml#//@systemConfigNetwork/@devices.0/@resource.0/@fBNetwork/@dataConnections.8"/>
  </connections>
  <connections xsi:type="org.fordiac.ide.model.ui:ConnectionView" source="//@children.10/@interfaceElements.18" destination="//@children.4/@interfaceElements.0">
    <connectionElement xsi:type="libraryElement:EventConnection" href="SysConf.xml#//@systemConfigNetwork/@devices.0/@resource.0/@fBNetwork/@eventConnections.16"/>
  </connections>
  <connections xsi:type="org.fordiac.ide.model.ui:ConnectionView" source="//@children.10/@interfaceElements.19" destination="//@children.0/@interfaceElements.0">
    <connectionElement xsi:type="libraryElement:EventConnection" href="SysConf.xml#//@systemConfigNetwork/@devices.0/@resource.0/@fBNetwork/@eventConnections.17"/>
  </connections>
  <connections xsi:type="org.fordiac.ide.model.ui:ConnectionView" source="//@children.2/@interfaceElements.3" destination="//@children.10/@interfaceElements.1">
    <connectionElement xsi:type="libraryElement:EventConnection" href="SysConf.xml#//@systemConfigNetwork/@devices.0/@resource.0/@fBNetwork/@eventConnections.18"/>
  </connections>
  <connections xsi:type="org.fordiac.ide.model.ui:ConnectionView" source="//@children.7/@interfaceElements.10" destination="//@children.10/@interfaceElements.16">
    <connectionElement xsi:type="libraryElement:DataConnection" href="SysConf.xml#//@systemConfigNetwork/@devices.0/@resource.0/@fBNetwork/@dataConnections.9"/>
  </connections>
  <connections xsi:type="org.fordiac.ide.model.ui:ConnectionView" source="//@children.8/@interfaceElements.10" destination="//@children.10/@interfaceElements.8">
    <connectionElement xsi:type="libraryElement:DataConnection" href="SysConf.xml#//@systemConfigNetwork/@devices.0/@resource.0/@fBNetwork/@dataConnections.10"/>
  </connections>
  <connections xsi:type="org.fordiac.ide.model.ui:ConnectionView" source="//@children.8/@interfaceElements.11" destination="//@children.10/@interfaceElements.9">
    <connectionElement xsi:type="libraryElement:DataConnection" href="SysConf.xml#//@systemConfigNetwork/@devices.0/@resource.0/@fBNetwork/@dataConnections.11"/>
  </connections>
  <connections xsi:type="org.fordiac.ide.model.ui:ConnectionView" connectionElement="//@fbNetwork/@dataConnections.2" source="//@children.9/@interfaceElements.11" destination="//@children.10/@interfaceElements.10"/>
  <connections xsi:type="org.fordiac.ide.model.ui:ConnectionView" connectionElement="//@fbNetwork/@dataConnections.3" source="//@children.9/@interfaceElements.12" destination="//@children.10/@interfaceElements.11"/>
  <connections xsi:type="org.fordiac.ide.model.ui:ConnectionView" connectionElement="//@fbNetwork/@dataConnections.4" source="//@children.9/@interfaceElements.13" destination="//@children.10/@interfaceElements.12"/>
  <connections xsi:type="org.fordiac.ide.model.ui:ConnectionView" source="//@children.5/@interfaceElements.11" destination="//@children.10/@interfaceElements.13">
    <connectionElement xsi:type="libraryElement:DataConnection" href="SysConf.xml#//@systemConfigNetwork/@devices.0/@resource.0/@fBNetwork/@dataConnections.12"/>
  </connections>
  <connections xsi:type="org.fordiac.ide.model.ui:ConnectionView" source="//@children.6/@interfaceElements.9" destination="//@children.10/@interfaceElements.14">
    <connectionElement xsi:type="libraryElement:DataConnection" href="SysConf.xml#//@systemConfigNetwork/@devices.0/@resource.0/@fBNetwork/@dataConnections.13"/>
  </connections>
  <connections xsi:type="org.fordiac.ide.model.ui:ConnectionView" source="//@children.6/@interfaceElements.10" destination="//@children.10/@interfaceElements.15">
    <connectionElement xsi:type="libraryElement:DataConnection" href="SysConf.xml#//@systemConfigNetwork/@devices.0/@resource.0/@fBNetwork/@dataConnections.14"/>
  </connections>
  <connections xsi:type="org.fordiac.ide.model.ui:ConnectionView" source="//@children.7/@interfaceElements.11" destination="//@children.10/@interfaceElements.17">
    <connectionElement xsi:type="libraryElement:DataConnection" href="SysConf.xml#//@systemConfigNetwork/@devices.0/@resource.0/@fBNetwork/@dataConnections.15"/>
  </connections>
  <connections xsi:type="org.fordiac.ide.model.ui:ConnectionView" connectionElement="//@fbNetwork/@dataConnections.0" source="//@children.8/@interfaceElements.11" destination="//@children.9/@interfaceElements.2"/>
  <fbNetwork>
    <fBs name="IND_0_0" identifier="true" id="_vsFL0PIEEeibKbVuNDV45A" fbtPath="events\E_SPLIT_5.fbt">
      <interface>
        <eventInputs name="EI" isInput="true">
          <inputConnections href="SysConf.xml#//@systemConfigNetwork/@devices.0/@resource.0/@fBNetwork/@eventConnections.17"/>
        </eventInputs>
        <eventOutputs name="EO1">
          <outputConnections href="SysConf.xml#//@systemConfigNetwork/@devices.0/@resource.0/@fBNetwork/@eventConnections.15"/>
        </eventOutputs>
        <eventOutputs name="EO2" outputConnections="//@fbNetwork/@eventConnections.1"/>
        <eventOutputs name="EO3">
          <outputConnections href="SysConf.xml#//@systemConfigNetwork/@devices.0/@resource.0/@fBNetwork/@eventConnections.11"/>
        </eventOutputs>
        <eventOutputs name="EO4">
          <outputConnections href="SysConf.xml#//@systemConfigNetwork/@devices.0/@resource.0/@fBNetwork/@eventConnections.9"/>
        </eventOutputs>
        <eventOutputs name="EO5">
          <outputConnections href="SysConf.xml#//@systemConfigNetwork/@devices.0/@resource.0/@fBNetwork/@eventConnections.5"/>
        </eventOutputs>
      </interface>
      <position x="624" y="408"/>
      <resource href="SysConf.xml#//@systemConfigNetwork/@devices.0/@resource.0/@fBNetwork"/>
    </fBs>
    <fBs name="TIME2TIME_2_0_0" identifier="true" id="_vsFL0fIEEeibKbVuNDV45A" fbtPath="convert\TIME2TIME.fbt">
      <interface>
        <eventInputs name="REQ" comment="Normal Execution Request" isInput="true">
          <with variables="//@fbNetwork/@fBs.1/@interface/@inputVars.0"/>
          <inputConnections href="SysConf.xml#//@systemConfigNetwork/@devices.0/@resource.0/@fBNetwork/@eventConnections.3"/>
        </eventInputs>
        <eventOutputs name="CNF" comment="Execution Confirmation">
          <with variables="//@fbNetwork/@fBs.1/@interface/@outputVars.0"/>
          <outputConnections href="SysConf.xml#//@systemConfigNetwork/@devices.0/@resource.0/@fBNetwork/@eventConnections.0"/>
        </eventOutputs>
        <inputVars name="IN" comment="Input event qualifier" isInput="true" arraySize="-1" typeName="TIME" withs="//@fbNetwork/@fBs.1/@interface/@eventInputs.0/@with.0">
          <value value="T#75ms"/>
        </inputVars>
        <outputVars name="OUT" comment="Output event qualifier" arraySize="-1" typeName="TIME" withs="//@fbNetwork/@fBs.1/@interface/@eventOutputs.0/@with.0">
          <outputConnections href="SysConf.xml#//@systemConfigNetwork/@devices.0/@resource.0/@fBNetwork/@dataConnections.0"/>
        </outputVars>
      </interface>
      <position x="-264" y="264"/>
      <resource href="SysConf.xml#//@systemConfigNetwork/@devices.0/@resource.0/@fBNetwork"/>
    </fBs>
    <fBs name="E_CYCLE_2_0_0" identifier="true" id="_vsFL0vIEEeibKbVuNDV45A" fbtPath="events\E_CYCLE.fbt">
      <interface>
        <eventInputs name="START" isInput="true">
          <with variables="//@fbNetwork/@fBs.2/@interface/@inputVars.0"/>
          <inputConnections href="SysConf.xml#//@systemConfigNetwork/@devices.0/@resource.0/@fBNetwork/@eventConnections.0"/>
        </eventInputs>
        <eventInputs name="STOP" isInput="true"/>
        <eventOutputs name="EO" comment="Periodic event at period DT,starting at DT after START">
          <outputConnections href="SysConf.xml#//@systemConfigNetwork/@devices.0/@resource.0/@fBNetwork/@eventConnections.18"/>
        </eventOutputs>
        <inputVars name="DT" comment="Period between events" isInput="true" arraySize="-1" typeName="TIME" withs="//@fbNetwork/@fBs.2/@interface/@eventInputs.0/@with.0">
          <value/>
          <inputConnections href="SysConf.xml#//@systemConfigNetwork/@devices.0/@resource.0/@fBNetwork/@dataConnections.0"/>
        </inputVars>
      </interface>
      <position x="-96" y="288"/>
      <resource href="SysConf.xml#//@systemConfigNetwork/@devices.0/@resource.0/@fBNetwork"/>
    </fBs>
    <fBs name="E_MERGE_5_0_0" identifier="true" id="_vsFL0_IEEeibKbVuNDV45A" fbtPath="events\E_MERGE_5.fbt">
      <interface>
        <eventInputs name="EI1" isInput="true">
          <inputConnections href="SysConf.xml#//@systemConfigNetwork/@devices.0/@resource.0/@fBNetwork/@eventConnections.13"/>
        </eventInputs>
        <eventInputs name="EI2" isInput="true" inputConnections="//@fbNetwork/@eventConnections.2"/>
        <eventInputs name="EI3" isInput="true">
          <inputConnections href="SysConf.xml#//@systemConfigNetwork/@devices.0/@resource.0/@fBNetwork/@eventConnections.8"/>
        </eventInputs>
        <eventInputs name="EI4" isInput="true">
          <inputConnections href="SysConf.xml#//@systemConfigNetwork/@devices.0/@resource.0/@fBNetwork/@eventConnections.7"/>
        </eventInputs>
        <eventInputs name="EI5" isInput="true">
          <inputConnections href="SysConf.xml#//@systemConfigNetwork/@devices.0/@resource.0/@fBNetwork/@eventConnections.6"/>
        </eventInputs>
        <eventOutputs name="EO">
          <outputConnections href="SysConf.xml#//@systemConfigNetwork/@devices.0/@resource.0/@fBNetwork/@eventConnections.3"/>
        </eventOutputs>
      </interface>
      <position x="-432" y="264"/>
      <resource href="SysConf.xml#//@systemConfigNetwork/@devices.0/@resource.0/@fBNetwork"/>
    </fBs>
    <fBs name="INITO_0_0" identifier="true" id="_vsFL1PIEEeibKbVuNDV45A" fbtPath="events\E_SPLIT_5.fbt">
      <interface>
        <eventInputs name="EI" isInput="true">
          <inputConnections href="SysConf.xml#//@systemConfigNetwork/@devices.0/@resource.0/@fBNetwork/@eventConnections.16"/>
        </eventInputs>
        <eventOutputs name="EO1">
          <outputConnections href="SysConf.xml#//@systemConfigNetwork/@devices.0/@resource.0/@fBNetwork/@eventConnections.14"/>
        </eventOutputs>
        <eventOutputs name="EO2" outputConnections="//@fbNetwork/@eventConnections.0"/>
        <eventOutputs name="EO3">
          <outputConnections href="SysConf.xml#//@systemConfigNetwork/@devices.0/@resource.0/@fBNetwork/@eventConnections.12"/>
        </eventOutputs>
        <eventOutputs name="EO4">
          <outputConnections href="SysConf.xml#//@systemConfigNetwork/@devices.0/@resource.0/@fBNetwork/@eventConnections.10"/>
        </eventOutputs>
        <eventOutputs name="EO5">
          <outputConnections href="SysConf.xml#//@systemConfigNetwork/@devices.0/@resource.0/@fBNetwork/@eventConnections.4"/>
        </eventOutputs>
      </interface>
      <position x="624" y="96"/>
      <resource href="SysConf.xml#//@systemConfigNetwork/@devices.0/@resource.0/@fBNetwork"/>
    </fBs>
    <fBs name="App3_SeparatorTempandSeparatorLevel_0_0_0" identifier="true" id="_vsNusPIEEeibKbVuNDV45A" fbtPath="OSCAT\Custom\App3_SeparatorTempandSeparatorLevel.fbt">
      <interface>
        <eventInputs name="INITO" comment="Initialization Request" isInput="true">
          <inputConnections href="SysConf.xml#//@systemConfigNetwork/@devices.0/@resource.0/@fBNetwork/@eventConnections.12"/>
        </eventInputs>
        <eventInputs name="IND" comment="Normal Execution Request" isInput="true">
          <with variables="//@fbNetwork/@fBs.5/@interface/@inputVars.0"/>
          <with variables="//@fbNetwork/@fBs.5/@interface/@inputVars.3"/>
          <with variables="//@fbNetwork/@fBs.5/@interface/@inputVars.1"/>
          <with variables="//@fbNetwork/@fBs.5/@interface/@inputVars.4"/>
          <with variables="//@fbNetwork/@fBs.5/@interface/@inputVars.2"/>
          <with variables="//@fbNetwork/@fBs.5/@interface/@inputVars.5"/>
          <inputConnections href="SysConf.xml#//@systemConfigNetwork/@devices.0/@resource.0/@fBNetwork/@eventConnections.11"/>
        </eventInputs>
        <eventOutputs name="INITO3" comment="Initialization Confirm"/>
        <eventOutputs name="CNF" comment="Execution Confirmation">
          <with variables="//@fbNetwork/@fBs.5/@interface/@outputVars.0"/>
          <with variables="//@fbNetwork/@fBs.5/@interface/@outputVars.1"/>
          <outputConnections href="SysConf.xml#//@systemConfigNetwork/@devices.0/@resource.0/@fBNetwork/@eventConnections.8"/>
        </eventOutputs>
        <inputVars name="XMEAS11" isInput="true" arraySize="-1" typeName="REAL" withs="//@fbNetwork/@fBs.5/@interface/@eventInputs.1/@with.0">
          <value/>
          <inputConnections href="SysConf.xml#//@systemConfigNetwork/@devices.0/@resource.0/@fBNetwork/@dataConnections.6"/>
        </inputVars>
        <inputVars name="XMEAS11SETP" isInput="true" arraySize="-1" typeName="REAL" withs="//@fbNetwork/@fBs.5/@interface/@eventInputs.1/@with.2">
          <value value="91.7"/>
        </inputVars>
        <inputVars name="KP_SepTemp" isInput="true" arraySize="-1" typeName="REAL" withs="//@fbNetwork/@fBs.5/@interface/@eventInputs.1/@with.4">
          <value value="-40"/>
        </inputVars>
        <inputVars name="XMEAS12" isInput="true" arraySize="-1" typeName="REAL" withs="//@fbNetwork/@fBs.5/@interface/@eventInputs.1/@with.1">
          <value/>
          <inputConnections href="SysConf.xml#//@systemConfigNetwork/@devices.0/@resource.0/@fBNetwork/@dataConnections.5"/>
        </inputVars>
        <inputVars name="XMEAS12SETP" isInput="true" arraySize="-1" typeName="REAL" withs="//@fbNetwork/@fBs.5/@interface/@eventInputs.1/@with.3">
          <value value="50"/>
        </inputVars>
        <inputVars name="Kp_SepLevel" isInput="true" arraySize="-1" typeName="REAL" withs="//@fbNetwork/@fBs.5/@interface/@eventInputs.1/@with.5">
          <value value="4"/>
        </inputVars>
        <outputVars name="setpointXMEAS9" arraySize="-1" typeName="REAL" withs="//@fbNetwork/@fBs.5/@interface/@eventOutputs.1/@with.0"/>
        <outputVars name="XMV11" arraySize="-1" typeName="REAL" withs="//@fbNetwork/@fBs.5/@interface/@eventOutputs.1/@with.1">
          <outputConnections href="SysConf.xml#//@systemConfigNetwork/@devices.0/@resource.0/@fBNetwork/@dataConnections.12"/>
        </outputVars>
      </interface>
      <position x="960" y="144"/>
      <resource href="SysConf.xml#//@systemConfigNetwork/@devices.0/@resource.0/@fBNetwork"/>
    </fBs>
    <fBs name="App4_ReactorLevel_1_0_0" identifier="true" id="_vsNusfIEEeibKbVuNDV45A" fbtPath="OSCAT\Custom\App4_ReactorLevel.fbt">
      <interface>
        <eventInputs name="INITO" comment="Initialization Request" isInput="true">
          <inputConnections href="SysConf.xml#//@systemConfigNetwork/@devices.0/@resource.0/@fBNetwork/@eventConnections.10"/>
        </eventInputs>
        <eventInputs name="IND" comment="Normal Execution Request" isInput="true">
          <with variables="//@fbNetwork/@fBs.6/@interface/@inputVars.0"/>
          <with variables="//@fbNetwork/@fBs.6/@interface/@inputVars.1"/>
          <with variables="//@fbNetwork/@fBs.6/@interface/@inputVars.2"/>
          <with variables="//@fbNetwork/@fBs.6/@interface/@inputVars.3"/>
          <with variables="//@fbNetwork/@fBs.6/@interface/@inputVars.4"/>
          <inputConnections href="SysConf.xml#//@systemConfigNetwork/@devices.0/@resource.0/@fBNetwork/@eventConnections.9"/>
        </eventInputs>
        <eventOutputs name="INITO4" comment="Initialization Confirm"/>
        <eventOutputs name="CNF" comment="Execution Confirmation">
          <with variables="//@fbNetwork/@fBs.6/@interface/@outputVars.0"/>
          <with variables="//@fbNetwork/@fBs.6/@interface/@outputVars.1"/>
          <outputConnections href="SysConf.xml#//@systemConfigNetwork/@devices.0/@resource.0/@fBNetwork/@eventConnections.7"/>
        </eventOutputs>
        <inputVars name="XMEAS8" isInput="true" arraySize="-1" typeName="REAL" withs="//@fbNetwork/@fBs.6/@interface/@eventInputs.1/@with.0">
          <value/>
          <inputConnections href="SysConf.xml#//@systemConfigNetwork/@devices.0/@resource.0/@fBNetwork/@dataConnections.4"/>
        </inputVars>
        <inputVars name="XMEAS8SETP" isInput="true" arraySize="-1" typeName="REAL" withs="//@fbNetwork/@fBs.6/@interface/@eventInputs.1/@with.1">
          <value value="65"/>
        </inputVars>
        <inputVars name="KP_ReactorLevel" isInput="true" arraySize="-1" typeName="REAL" withs="//@fbNetwork/@fBs.6/@interface/@eventInputs.1/@with.2">
          <value value="16"/>
        </inputVars>
        <inputVars name="REAL4" isInput="true" arraySize="-1" typeName="REAL" withs="//@fbNetwork/@fBs.6/@interface/@eventInputs.1/@with.3">
          <value/>
          <inputConnections href="SysConf.xml#//@systemConfigNetwork/@devices.0/@resource.0/@fBNetwork/@dataConnections.3"/>
        </inputVars>
        <inputVars name="RATIOGH" isInput="true" arraySize="-1" typeName="REAL" withs="//@fbNetwork/@fBs.6/@interface/@eventInputs.1/@with.4">
          <value value="1"/>
        </inputVars>
        <outputVars name="XMV1" arraySize="-1" typeName="REAL" withs="//@fbNetwork/@fBs.6/@interface/@eventOutputs.1/@with.0">
          <outputConnections href="SysConf.xml#//@systemConfigNetwork/@devices.0/@resource.0/@fBNetwork/@dataConnections.13"/>
        </outputVars>
        <outputVars name="XMV2" arraySize="-1" typeName="REAL" withs="//@fbNetwork/@fBs.6/@interface/@eventOutputs.1/@with.1">
          <outputConnections href="SysConf.xml#//@systemConfigNetwork/@devices.0/@resource.0/@fBNetwork/@dataConnections.14"/>
        </outputVars>
      </interface>
      <position x="1200" y="408"/>
      <resource href="SysConf.xml#//@systemConfigNetwork/@devices.0/@resource.0/@fBNetwork"/>
    </fBs>
    <fBs name="App5_yAandyB_1_0_0" identifier="true" id="_vsNusvIEEeibKbVuNDV45A" fbtPath="OSCAT\Custom\App5_yAandyB.fbt">
      <interface>
        <eventInputs name="INIT" comment="Initialization Request" isInput="true">
          <inputConnections href="SysConf.xml#//@systemConfigNetwork/@devices.0/@resource.0/@fBNetwork/@eventConnections.4"/>
        </eventInputs>
        <eventInputs name="IND" comment="Normal Execution Request" isInput="true">
          <with variables="//@fbNetwork/@fBs.7/@interface/@inputVars.0"/>
          <with variables="//@fbNetwork/@fBs.7/@interface/@inputVars.1"/>
          <with variables="//@fbNetwork/@fBs.7/@interface/@inputVars.2"/>
          <with variables="//@fbNetwork/@fBs.7/@interface/@inputVars.3"/>
          <with variables="//@fbNetwork/@fBs.7/@interface/@inputVars.4"/>
          <with variables="//@fbNetwork/@fBs.7/@interface/@inputVars.5"/>
          <inputConnections href="SysConf.xml#//@systemConfigNetwork/@devices.0/@resource.0/@fBNetwork/@eventConnections.5"/>
        </eventInputs>
        <eventOutputs name="INITO5" comment="Initialization Confirm"/>
        <eventOutputs name="CNF" comment="Execution Confirmation">
          <with variables="//@fbNetwork/@fBs.7/@interface/@outputVars.0"/>
          <with variables="//@fbNetwork/@fBs.7/@interface/@outputVars.1"/>
          <outputConnections href="SysConf.xml#//@systemConfigNetwork/@devices.0/@resource.0/@fBNetwork/@eventConnections.6"/>
        </eventOutputs>
        <inputVars name="XMEAS29" isInput="true" arraySize="-1" typeName="REAL" withs="//@fbNetwork/@fBs.7/@interface/@eventInputs.1/@with.0">
          <value/>
          <inputConnections href="SysConf.xml#//@systemConfigNetwork/@devices.0/@resource.0/@fBNetwork/@dataConnections.2"/>
        </inputVars>
        <inputVars name="XMEAS29SETP" isInput="true" arraySize="-1" typeName="REAL" withs="//@fbNetwork/@fBs.7/@interface/@eventInputs.1/@with.1">
          <value value="32.73"/>
        </inputVars>
        <inputVars name="KP_yAControl" isInput="true" arraySize="-1" typeName="REAL" withs="//@fbNetwork/@fBs.7/@interface/@eventInputs.1/@with.2">
          <value value="15"/>
        </inputVars>
        <inputVars name="XMEAS30" isInput="true" arraySize="-1" typeName="REAL" withs="//@fbNetwork/@fBs.7/@interface/@eventInputs.1/@with.3">
          <value/>
          <inputConnections href="SysConf.xml#//@systemConfigNetwork/@devices.0/@resource.0/@fBNetwork/@dataConnections.1"/>
        </inputVars>
        <inputVars name="XMEAS30SETP" isInput="true" arraySize="-1" typeName="REAL" withs="//@fbNetwork/@fBs.7/@interface/@eventInputs.1/@with.4">
          <value value="21.83"/>
        </inputVars>
        <inputVars name="KP_yBControl" isInput="true" arraySize="-1" typeName="REAL" withs="//@fbNetwork/@fBs.7/@interface/@eventInputs.1/@with.5">
          <value value="-45"/>
        </inputVars>
        <outputVars name="XMV3" arraySize="-1" typeName="REAL" withs="//@fbNetwork/@fBs.7/@interface/@eventOutputs.1/@with.0">
          <outputConnections href="SysConf.xml#//@systemConfigNetwork/@devices.0/@resource.0/@fBNetwork/@dataConnections.9"/>
        </outputVars>
        <outputVars name="XMV6" arraySize="-1" typeName="REAL" withs="//@fbNetwork/@fBs.7/@interface/@eventOutputs.1/@with.1">
          <outputConnections href="SysConf.xml#//@systemConfigNetwork/@devices.0/@resource.0/@fBNetwork/@dataConnections.15"/>
        </outputVars>
      </interface>
      <position x="912" y="648"/>
      <resource href="SysConf.xml#//@systemConfigNetwork/@devices.0/@resource.0/@fBNetwork"/>
    </fBs>
    <fBs name="App1_ReactorPressureandReactorTemp_0" identifier="true" id="_vsSAIfIEEeibKbVuNDV45A" fbtPath="OSCAT\Custom\App1_ReactorPressureandReactorTemp.fbt">
      <interface>
        <eventInputs name="INITO" comment="Initialization Request" isInput="true">
          <inputConnections href="SysConf.xml#//@systemConfigNetwork/@devices.0/@resource.0/@fBNetwork/@eventConnections.14"/>
        </eventInputs>
        <eventInputs name="IND" comment="Normal Execution Request" isInput="true">
          <with variables="//@fbNetwork/@fBs.8/@interface/@inputVars.0"/>
          <with variables="//@fbNetwork/@fBs.8/@interface/@inputVars.1"/>
          <with variables="//@fbNetwork/@fBs.8/@interface/@inputVars.2"/>
          <with variables="//@fbNetwork/@fBs.8/@interface/@inputVars.3"/>
          <with variables="//@fbNetwork/@fBs.8/@interface/@inputVars.4"/>
          <with variables="//@fbNetwork/@fBs.8/@interface/@inputVars.5"/>
          <inputConnections href="SysConf.xml#//@systemConfigNetwork/@devices.0/@resource.0/@fBNetwork/@eventConnections.15"/>
        </eventInputs>
        <eventOutputs name="INITO1" comment="Initialization Confirm"/>
        <eventOutputs name="CNF" comment="Execution Confirmation">
          <with variables="//@fbNetwork/@fBs.8/@interface/@outputVars.0"/>
          <with variables="//@fbNetwork/@fBs.8/@interface/@outputVars.1"/>
          <outputConnections href="SysConf.xml#//@systemConfigNetwork/@devices.0/@resource.0/@fBNetwork/@eventConnections.13"/>
        </eventOutputs>
        <inputVars name="XMEAS7" isInput="true" arraySize="-1" typeName="REAL" withs="//@fbNetwork/@fBs.8/@interface/@eventInputs.1/@with.0">
          <value/>
          <inputConnections href="SysConf.xml#//@systemConfigNetwork/@devices.0/@resource.0/@fBNetwork/@dataConnections.8"/>
        </inputVars>
        <inputVars name="XMEAS7SETP" isInput="true" arraySize="-1" typeName="REAL" withs="//@fbNetwork/@fBs.8/@interface/@eventInputs.1/@with.1">
          <value value="2800"/>
        </inputVars>
        <inputVars name="KP_Pressure" isInput="true" arraySize="-1" typeName="REAL" withs="//@fbNetwork/@fBs.8/@interface/@eventInputs.1/@with.2">
          <value value="20"/>
        </inputVars>
        <inputVars name="XMEAS9" isInput="true" arraySize="-1" typeName="REAL" withs="//@fbNetwork/@fBs.8/@interface/@eventInputs.1/@with.3">
          <value/>
          <inputConnections href="SysConf.xml#//@systemConfigNetwork/@devices.0/@resource.0/@fBNetwork/@dataConnections.7"/>
        </inputVars>
        <inputVars name="SMEAS9SETP" isInput="true" arraySize="-1" typeName="REAL" withs="//@fbNetwork/@fBs.8/@interface/@eventInputs.1/@with.4">
          <value value="122.9"/>
        </inputVars>
        <inputVars name="KP_ReactorTemp" isInput="true" arraySize="-1" typeName="REAL" withs="//@fbNetwork/@fBs.8/@interface/@eventInputs.1/@with.5">
          <value value="-10"/>
        </inputVars>
        <outputVars name="XMV4" arraySize="-1" typeName="REAL" withs="//@fbNetwork/@fBs.8/@interface/@eventOutputs.1/@with.0">
          <outputConnections href="SysConf.xml#//@systemConfigNetwork/@devices.0/@resource.0/@fBNetwork/@dataConnections.10"/>
        </outputVars>
        <outputVars name="XMV10" arraySize="-1" typeName="REAL" withs="//@fbNetwork/@fBs.8/@interface/@eventOutputs.1/@with.1">
          <outputConnections href="SysConf.xml#//@systemConfigNetwork/@devices.0/@resource.0/@fBNetwork/@dataConnections.11"/>
          <outputConnections href="#//@fbNetwork/@dataConnections.0"/>
        </outputVars>
      </interface>
      <position x="768" y="-288"/>
      <resource href="SysConf.xml#//@systemConfigNetwork/@devices.0/@resource.0/@fBNetwork"/>
    </fBs>
    <fBs name="App2_StripperTempandStripperLevelandProdRate" identifier="true" id="_3WeEoPIEEeibKbVuNDV45A" fbtPath="OSCAT\Custom\App2_StripperTempandStripperLevelandProdRate.fbt">
      <interface>
        <eventInputs name="INITO" comment="Initialization Request" isInput="true" inputConnections="//@fbNetwork/@eventConnections.0"/>
        <eventInputs name="IND" comment="Normal Execution Request" isInput="true" inputConnections="//@fbNetwork/@eventConnections.1">
          <with variables="//@fbNetwork/@fBs.9/@interface/@inputVars.0"/>
          <with variables="//@fbNetwork/@fBs.9/@interface/@inputVars.1"/>
          <with variables="//@fbNetwork/@fBs.9/@interface/@inputVars.3"/>
          <with variables="//@fbNetwork/@fBs.9/@interface/@inputVars.4"/>
          <with variables="//@fbNetwork/@fBs.9/@interface/@inputVars.2"/>
          <with variables="//@fbNetwork/@fBs.9/@interface/@inputVars.5"/>
          <with variables="//@fbNetwork/@fBs.9/@interface/@inputVars.6"/>
        </eventInputs>
        <eventOutputs name="INITO2" comment="Initialization Confirm"/>
        <eventOutputs name="CNF" comment="Execution Confirmation" outputConnections="//@fbNetwork/@eventConnections.2">
          <with variables="//@fbNetwork/@fBs.9/@interface/@outputVars.0"/>
          <with variables="//@fbNetwork/@fBs.9/@interface/@outputVars.1"/>
          <with variables="//@fbNetwork/@fBs.9/@interface/@outputVars.2"/>
        </eventOutputs>
        <inputVars name="XMEAS18" isInput="true" arraySize="-1" inputConnections="//@fbNetwork/@dataConnections.0" typeName="REAL" withs="//@fbNetwork/@fBs.9/@interface/@eventInputs.1/@with.0">
          <value/>
        </inputVars>
        <inputVars name="XMEAS18SETP" isInput="true" arraySize="-1" typeName="REAL" withs="//@fbNetwork/@fBs.9/@interface/@eventInputs.1/@with.1">
          <value value="66.5"/>
        </inputVars>
        <inputVars name="KP_StripTemp" isInput="true" arraySize="-1" typeName="REAL" withs="//@fbNetwork/@fBs.9/@interface/@eventInputs.1/@with.4">
          <value value="2"/>
        </inputVars>
        <inputVars name="XMEAS15" isInput="true" arraySize="-1" inputConnections="//@fbNetwork/@dataConnections.1" typeName="REAL" withs="//@fbNetwork/@fBs.9/@interface/@eventInputs.1/@with.2">
          <value/>
        </inputVars>
        <inputVars name="XMEAS15SETP" isInput="true" arraySize="-1" typeName="REAL" withs="//@fbNetwork/@fBs.9/@interface/@eventInputs.1/@with.3">
          <value value="50"/>
        </inputVars>
        <inputVars name="KP_StripLevel" isInput="true" arraySize="-1" typeName="REAL" withs="//@fbNetwork/@fBs.9/@interface/@eventInputs.1/@with.5">
          <value value="2"/>
        </inputVars>
        <inputVars name="ProductionRate" isInput="true" typeName="REAL" withs="//@fbNetwork/@fBs.9/@interface/@eventInputs.1/@with.6">
          <value value="46.444"/>
        </inputVars>
        <outputVars name="XMV9" arraySize="-1" outputConnections="//@fbNetwork/@dataConnections.2" typeName="REAL" withs="//@fbNetwork/@fBs.9/@interface/@eventOutputs.1/@with.0"/>
        <outputVars name="XMV7" arraySize="-1" outputConnections="//@fbNetwork/@dataConnections.3" typeName="REAL" withs="//@fbNetwork/@fBs.9/@interface/@eventOutputs.1/@with.1"/>
        <outputVars name="XMV8" outputConnections="//@fbNetwork/@dataConnections.4" typeName="REAL" withs="//@fbNetwork/@fBs.9/@interface/@eventOutputs.1/@with.2"/>
      </interface>
      <position x="1224" y="-144"/>
    </fBs>
    <fBs name="Server_ALL_NEW" identifier="true" id="_5VggAPILEeibKbVuNDV45A" fbtPath="OSCAT\Custom\Server_ALL_NEW.fbt">
      <interface>
        <eventInputs name="INIT" comment="Initialization Request" isInput="true">
          <with variables="//@fbNetwork/@fBs.10/@interface/@inputVars.0"/>
          <with variables="//@fbNetwork/@fBs.10/@interface/@inputVars.1"/>
          <with variables="//@fbNetwork/@fBs.10/@interface/@inputVars.2"/>
          <with variables="//@fbNetwork/@fBs.10/@interface/@inputVars.3"/>
          <with variables="//@fbNetwork/@fBs.10/@interface/@inputVars.4"/>
          <with variables="//@fbNetwork/@fBs.10/@interface/@inputVars.5"/>
          <inputConnections href="SysConf.xml#//@systemConfigNetwork/@devices.0/@resource.0/@fBNetwork/@eventConnections.1"/>
          <inputConnections href="SysConf.xml#//@systemConfigNetwork/@devices.0/@resource.0/@fBNetwork/@eventConnections.2"/>
        </eventInputs>
        <eventInputs name="REQ" comment="Normal Execution Request" isInput="true">
          <with variables="//@fbNetwork/@fBs.10/@interface/@inputVars.0"/>
          <with variables="//@fbNetwork/@fBs.10/@interface/@inputVars.1"/>
          <with variables="//@fbNetwork/@fBs.10/@interface/@inputVars.2"/>
          <with variables="//@fbNetwork/@fBs.10/@interface/@inputVars.3"/>
          <with variables="//@fbNetwork/@fBs.10/@interface/@inputVars.4"/>
          <with variables="//@fbNetwork/@fBs.10/@interface/@inputVars.5"/>
          <with variables="//@fbNetwork/@fBs.10/@interface/@inputVars.7"/>
          <with variables="//@fbNetwork/@fBs.10/@interface/@inputVars.6"/>
          <with variables="//@fbNetwork/@fBs.10/@interface/@inputVars.8"/>
          <with variables="//@fbNetwork/@fBs.10/@interface/@inputVars.9"/>
          <with variables="//@fbNetwork/@fBs.10/@interface/@inputVars.10"/>
          <with variables="//@fbNetwork/@fBs.10/@interface/@inputVars.11"/>
          <with variables="//@fbNetwork/@fBs.10/@interface/@inputVars.13"/>
          <with variables="//@fbNetwork/@fBs.10/@interface/@inputVars.12"/>
          <with variables="//@fbNetwork/@fBs.10/@interface/@inputVars.14"/>
          <with variables="//@fbNetwork/@fBs.10/@interface/@inputVars.15"/>
          <inputConnections href="SysConf.xml#//@systemConfigNetwork/@devices.0/@resource.0/@fBNetwork/@eventConnections.18"/>
        </eventInputs>
        <eventOutputs name="INITO" comment="Initialization Confirm">
          <with variables="//@fbNetwork/@fBs.10/@interface/@outputVars.0"/>
          <with variables="//@fbNetwork/@fBs.10/@interface/@outputVars.1"/>
          <with variables="//@fbNetwork/@fBs.10/@interface/@outputVars.2"/>
          <with variables="//@fbNetwork/@fBs.10/@interface/@outputVars.3"/>
          <with variables="//@fbNetwork/@fBs.10/@interface/@outputVars.4"/>
          <with variables="//@fbNetwork/@fBs.10/@interface/@outputVars.5"/>
          <with variables="//@fbNetwork/@fBs.10/@interface/@outputVars.6"/>
          <with variables="//@fbNetwork/@fBs.10/@interface/@outputVars.7"/>
          <with variables="//@fbNetwork/@fBs.10/@interface/@outputVars.8"/>
          <with variables="//@fbNetwork/@fBs.10/@interface/@outputVars.9"/>
          <outputConnections href="SysConf.xml#//@systemConfigNetwork/@devices.0/@resource.0/@fBNetwork/@eventConnections.16"/>
        </eventOutputs>
        <eventOutputs name="CNF" comment="Execution Confirmation">
          <with variables="//@fbNetwork/@fBs.10/@interface/@outputVars.0"/>
          <with variables="//@fbNetwork/@fBs.10/@interface/@outputVars.1"/>
          <with variables="//@fbNetwork/@fBs.10/@interface/@outputVars.2"/>
          <with variables="//@fbNetwork/@fBs.10/@interface/@outputVars.3"/>
          <with variables="//@fbNetwork/@fBs.10/@interface/@outputVars.4"/>
          <with variables="//@fbNetwork/@fBs.10/@interface/@outputVars.5"/>
          <with variables="//@fbNetwork/@fBs.10/@interface/@outputVars.6"/>
          <with variables="//@fbNetwork/@fBs.10/@interface/@outputVars.7"/>
          <with variables="//@fbNetwork/@fBs.10/@interface/@outputVars.8"/>
          <with variables="//@fbNetwork/@fBs.10/@interface/@outputVars.9"/>
          <with variables="//@fbNetwork/@fBs.10/@interface/@outputVars.10"/>
          <with variables="//@fbNetwork/@fBs.10/@interface/@outputVars.11"/>
          <with variables="//@fbNetwork/@fBs.10/@interface/@outputVars.12"/>
          <with variables="//@fbNetwork/@fBs.10/@interface/@outputVars.13"/>
          <with variables="//@fbNetwork/@fBs.10/@interface/@outputVars.14"/>
          <with variables="//@fbNetwork/@fBs.10/@interface/@outputVars.15"/>
          <with variables="//@fbNetwork/@fBs.10/@interface/@outputVars.16"/>
          <with variables="//@fbNetwork/@fBs.10/@interface/@outputVars.17"/>
          <with variables="//@fbNetwork/@fBs.10/@interface/@outputVars.18"/>
          <with variables="//@fbNetwork/@fBs.10/@interface/@outputVars.19"/>
          <outputConnections href="SysConf.xml#//@systemConfigNetwork/@devices.0/@resource.0/@fBNetwork/@eventConnections.17"/>
        </eventOutputs>
        <inputVars name="QI" comment="Input event qualifier" isInput="true" arraySize="-1" typeName="BOOL" withs="//@fbNetwork/@fBs.10/@interface/@eventInputs.0/@with.0 //@fbNetwork/@fBs.10/@interface/@eventInputs.1/@with.0">
          <value value="TRUE"/>
        </inputVars>
        <inputVars name="ID1" isInput="true" typeName="WSTRING" withs="//@fbNetwork/@fBs.10/@interface/@eventInputs.0/@with.1 //@fbNetwork/@fBs.10/@interface/@eventInputs.1/@with.1">
          <value value="localhost:61000"/>
        </inputVars>
        <inputVars name="ID2" isInput="true" typeName="WSTRING" withs="//@fbNetwork/@fBs.10/@interface/@eventInputs.0/@with.2 //@fbNetwork/@fBs.10/@interface/@eventInputs.1/@with.2">
          <value value="localhost:61001"/>
        </inputVars>
        <inputVars name="ID3" isInput="true" typeName="WSTRING" withs="//@fbNetwork/@fBs.10/@interface/@eventInputs.0/@with.3 //@fbNetwork/@fBs.10/@interface/@eventInputs.1/@with.3">
          <value value="localhost:61002"/>
        </inputVars>
        <inputVars name="ID4" isInput="true" typeName="WSTRING" withs="//@fbNetwork/@fBs.10/@interface/@eventInputs.0/@with.4 //@fbNetwork/@fBs.10/@interface/@eventInputs.1/@with.4">
          <value value="localhost:61003"/>
        </inputVars>
        <inputVars name="ID5" isInput="true" typeName="WSTRING" withs="//@fbNetwork/@fBs.10/@interface/@eventInputs.0/@with.5 //@fbNetwork/@fBs.10/@interface/@eventInputs.1/@with.5">
          <value value="localhost:61004"/>
        </inputVars>
        <inputVars name="XMV4_App1" isInput="true" typeName="REAL" withs="//@fbNetwork/@fBs.10/@interface/@eventInputs.1/@with.7">
          <value/>
          <inputConnections href="SysConf.xml#//@systemConfigNetwork/@devices.0/@resource.0/@fBNetwork/@dataConnections.10"/>
        </inputVars>
        <inputVars name="XMV10_App1" isInput="true" typeName="REAL" withs="//@fbNetwork/@fBs.10/@interface/@eventInputs.1/@with.6">
          <value/>
          <inputConnections href="SysConf.xml#//@systemConfigNetwork/@devices.0/@resource.0/@fBNetwork/@dataConnections.11"/>
        </inputVars>
        <inputVars name="XMV9_App2" isInput="true" inputConnections="//@fbNetwork/@dataConnections.2" typeName="REAL" withs="//@fbNetwork/@fBs.10/@interface/@eventInputs.1/@with.8">
          <value/>
        </inputVars>
        <inputVars name="XMV7_App2" isInput="true" inputConnections="//@fbNetwork/@dataConnections.3" typeName="REAL" withs="//@fbNetwork/@fBs.10/@interface/@eventInputs.1/@with.9">
          <value/>
        </inputVars>
        <inputVars name="XMV8_App2" isInput="true" inputConnections="//@fbNetwork/@dataConnections.4" typeName="REAL" withs="//@fbNetwork/@fBs.10/@interface/@eventInputs.1/@with.10">
          <value/>
        </inputVars>
        <inputVars name="XMV11_App3" isInput="true" typeName="REAL" withs="//@fbNetwork/@fBs.10/@interface/@eventInputs.1/@with.11">
          <value/>
          <inputConnections href="SysConf.xml#//@systemConfigNetwork/@devices.0/@resource.0/@fBNetwork/@dataConnections.12"/>
        </inputVars>
        <inputVars name="XMV1_App4" isInput="true" typeName="REAL" withs="//@fbNetwork/@fBs.10/@interface/@eventInputs.1/@with.13">
          <value/>
          <inputConnections href="SysConf.xml#//@systemConfigNetwork/@devices.0/@resource.0/@fBNetwork/@dataConnections.13"/>
        </inputVars>
        <inputVars name="XMV2_App4" isInput="true" typeName="REAL" withs="//@fbNetwork/@fBs.10/@interface/@eventInputs.1/@with.12">
          <value/>
          <inputConnections href="SysConf.xml#//@systemConfigNetwork/@devices.0/@resource.0/@fBNetwork/@dataConnections.14"/>
        </inputVars>
        <inputVars name="XMV3_App5" isInput="true" typeName="REAL" withs="//@fbNetwork/@fBs.10/@interface/@eventInputs.1/@with.14">
          <value/>
          <inputConnections href="SysConf.xml#//@systemConfigNetwork/@devices.0/@resource.0/@fBNetwork/@dataConnections.9"/>
        </inputVars>
        <inputVars name="XMV6_App5" isInput="true" typeName="REAL" withs="//@fbNetwork/@fBs.10/@interface/@eventInputs.1/@with.15">
          <value/>
          <inputConnections href="SysConf.xml#//@systemConfigNetwork/@devices.0/@resource.0/@fBNetwork/@dataConnections.15"/>
        </inputVars>
        <outputVars name="QO1" comment="Output event qualifier" arraySize="-1" typeName="BOOL" withs="//@fbNetwork/@fBs.10/@interface/@eventOutputs.0/@with.0 //@fbNetwork/@fBs.10/@interface/@eventOutputs.1/@with.0"/>
        <outputVars name="QO2" typeName="BOOL" withs="//@fbNetwork/@fBs.10/@interface/@eventOutputs.0/@with.1 //@fbNetwork/@fBs.10/@interface/@eventOutputs.1/@with.1"/>
        <outputVars name="QO3" typeName="BOOL" withs="//@fbNetwork/@fBs.10/@interface/@eventOutputs.0/@with.2 //@fbNetwork/@fBs.10/@interface/@eventOutputs.1/@with.2"/>
        <outputVars name="QO4" typeName="BOOL" withs="//@fbNetwork/@fBs.10/@interface/@eventOutputs.0/@with.3 //@fbNetwork/@fBs.10/@interface/@eventOutputs.1/@with.3"/>
        <outputVars name="QO5" typeName="BOOL" withs="//@fbNetwork/@fBs.10/@interface/@eventOutputs.0/@with.4 //@fbNetwork/@fBs.10/@interface/@eventOutputs.1/@with.4"/>
        <outputVars name="STATUS1" typeName="WSTRING" withs="//@fbNetwork/@fBs.10/@interface/@eventOutputs.0/@with.5 //@fbNetwork/@fBs.10/@interface/@eventOutputs.1/@with.5"/>
        <outputVars name="STATUS2" typeName="WSTRING" withs="//@fbNetwork/@fBs.10/@interface/@eventOutputs.0/@with.6 //@fbNetwork/@fBs.10/@interface/@eventOutputs.1/@with.6"/>
        <outputVars name="STATUS3" typeName="WSTRING" withs="//@fbNetwork/@fBs.10/@interface/@eventOutputs.0/@with.7 //@fbNetwork/@fBs.10/@interface/@eventOutputs.1/@with.7"/>
        <outputVars name="STATUS4" typeName="WSTRING" withs="//@fbNetwork/@fBs.10/@interface/@eventOutputs.0/@with.8 //@fbNetwork/@fBs.10/@interface/@eventOutputs.1/@with.8"/>
        <outputVars name="STATUS5" typeName="WSTRING" withs="//@fbNetwork/@fBs.10/@interface/@eventOutputs.0/@with.9 //@fbNetwork/@fBs.10/@interface/@eventOutputs.1/@with.9"/>
        <outputVars name="XMEAS7_App1" typeName="REAL" withs="//@fbNetwork/@fBs.10/@interface/@eventOutputs.1/@with.10">
          <outputConnections href="SysConf.xml#//@systemConfigNetwork/@devices.0/@resource.0/@fBNetwork/@dataConnections.8"/>
        </outputVars>
        <outputVars name="XMEAS9_App1" typeName="REAL" withs="//@fbNetwork/@fBs.10/@interface/@eventOutputs.1/@with.11">
          <outputConnections href="SysConf.xml#//@systemConfigNetwork/@devices.0/@resource.0/@fBNetwork/@dataConnections.7"/>
        </outputVars>
        <outputVars name="XMEAS18_App2" typeName="REAL" withs="//@fbNetwork/@fBs.10/@interface/@eventOutputs.1/@with.12"/>
        <outputVars name="XMEAS15_App2" outputConnections="//@fbNetwork/@dataConnections.1" typeName="REAL" withs="//@fbNetwork/@fBs.10/@interface/@eventOutputs.1/@with.13"/>
        <outputVars name="XMEAS11_App3" typeName="REAL" withs="//@fbNetwork/@fBs.10/@interface/@eventOutputs.1/@with.14">
          <outputConnections href="SysConf.xml#//@systemConfigNetwork/@devices.0/@resource.0/@fBNetwork/@dataConnections.6"/>
        </outputVars>
        <outputVars name="XMEAS12_App3" typeName="REAL" withs="//@fbNetwork/@fBs.10/@interface/@eventOutputs.1/@with.15">
          <outputConnections href="SysConf.xml#//@systemConfigNetwork/@devices.0/@resource.0/@fBNetwork/@dataConnections.5"/>
        </outputVars>
        <outputVars name="XMEAS8_App4" typeName="REAL" withs="//@fbNetwork/@fBs.10/@interface/@eventOutputs.1/@with.16">
          <outputConnections href="SysConf.xml#//@systemConfigNetwork/@devices.0/@resource.0/@fBNetwork/@dataConnections.4"/>
        </outputVars>
        <outputVars name="REAL4_App4" typeName="REAL" withs="//@fbNetwork/@fBs.10/@interface/@eventOutputs.1/@with.17">
          <outputConnections href="SysConf.xml#//@systemConfigNetwork/@devices.0/@resource.0/@fBNetwork/@dataConnections.3"/>
        </outputVars>
        <outputVars name="XMEAS29_App5" typeName="REAL" withs="//@fbNetwork/@fBs.10/@interface/@eventOutputs.1/@with.18">
          <outputConnections href="SysConf.xml#//@systemConfigNetwork/@devices.0/@resource.0/@fBNetwork/@dataConnections.2"/>
        </outputVars>
        <outputVars name="XMEAS30_App5" typeName="REAL" withs="//@fbNetwork/@fBs.10/@interface/@eventOutputs.1/@with.19">
          <outputConnections href="SysConf.xml#//@systemConfigNetwork/@devices.0/@resource.0/@fBNetwork/@dataConnections.1"/>
        </outputVars>
      </interface>
      <position x="168" y="312"/>
      <resource href="SysConf.xml#//@systemConfigNetwork/@devices.0/@resource.0/@fBNetwork"/>
    </fBs>
    <dataConnections dx1="13" brokenConnection="true" source="//@fbNetwork/@fBs.8/@interface/@outputVars.1" destination="//@fbNetwork/@fBs.9/@interface/@inputVars.0"/>
    <dataConnections dx1="94" brokenConnection="true" source="//@fbNetwork/@fBs.10/@interface/@outputVars.13" destination="//@fbNetwork/@fBs.9/@interface/@inputVars.3"/>
    <dataConnections dx2="-48" dy="-846" brokenConnection="true" source="//@fbNetwork/@fBs.9/@interface/@outputVars.0" destination="//@fbNetwork/@fBs.10/@interface/@inputVars.8"/>
    <dataConnections dx2="-66" dy="-850" brokenConnection="true" source="//@fbNetwork/@fBs.9/@interface/@outputVars.1" destination="//@fbNetwork/@fBs.10/@interface/@inputVars.9"/>
    <dataConnections dx2="-76" dy="-894" brokenConnection="true" source="//@fbNetwork/@fBs.9/@interface/@outputVars.2" destination="//@fbNetwork/@fBs.10/@interface/@inputVars.10"/>
    <eventConnections brokenConnection="true" source="//@fbNetwork/@fBs.4/@interface/@eventOutputs.1" destination="//@fbNetwork/@fBs.9/@interface/@eventInputs.0"/>
    <eventConnections brokenConnection="true" source="//@fbNetwork/@fBs.0/@interface/@eventOutputs.1" destination="//@fbNetwork/@fBs.9/@interface/@eventInputs.1"/>
    <eventConnections dy="-404" brokenConnection="true" source="//@fbNetwork/@fBs.9/@interface/@eventOutputs.1" destination="//@fbNetwork/@fBs.3/@interface/@eventInputs.1"/>
    <application href="temexdmodluyben2.xml#//@application.3"/>
  </fbNetwork>
</org.fordiac.ide.model.ui:UIFBNetwork>
