<?xml version="1.0" encoding="UTF-8"?>
<org.fordiac.ide.model.ui:UIFBNetwork xmi:version="2.0" xmlns:xmi="http://www.omg.org/XMI" xmlns:xsi="http://www.w3.org/2001/XMLSchema-instance" xmlns:libraryElement="org.fordiac.ide.model.libraryElement" xmlns:org.fordiac.ide.model.ui="org.fordiac.ide.model.ui">
  <children xsi:type="org.fordiac.ide.model.ui:FBView" fb="//@fbNetwork/@fBs.0">
    <position x="190" y="285"/>
    <backgroundColor red="192" green="192" blue="192"/>
    <interfaceElements iInterfaceElement="//@fbNetwork/@fBs.0/@interface/@eventInputs.0" fbNetwork="//@fbNetwork">
      <mappedInterfaceElement href="SysConf.xml#//@children.3/@resourceContainerView/@resources.0/@uIResourceDiagram/@children.1/@interfaceElements.0"/>
    </interfaceElements>
    <interfaceElements iInterfaceElement="//@fbNetwork/@fBs.0/@interface/@eventInputs.1" fbNetwork="//@fbNetwork">
      <mappedInterfaceElement href="SysConf.xml#//@children.3/@resourceContainerView/@resources.0/@uIResourceDiagram/@children.1/@interfaceElements.1"/>
    </interfaceElements>
    <interfaceElements iInterfaceElement="//@fbNetwork/@fBs.0/@interface/@inputVars.0" fbNetwork="//@fbNetwork">
      <mappedInterfaceElement href="SysConf.xml#//@children.3/@resourceContainerView/@resources.0/@uIResourceDiagram/@children.1/@interfaceElements.2"/>
    </interfaceElements>
    <interfaceElements iInterfaceElement="//@fbNetwork/@fBs.0/@interface/@inputVars.1" fbNetwork="//@fbNetwork">
      <mappedInterfaceElement href="SysConf.xml#//@children.3/@resourceContainerView/@resources.0/@uIResourceDiagram/@children.1/@interfaceElements.3"/>
    </interfaceElements>
    <interfaceElements iInterfaceElement="//@fbNetwork/@fBs.0/@interface/@eventOutputs.0" outConnections="//@connections.7" fbNetwork="//@fbNetwork">
      <mappedInterfaceElement href="SysConf.xml#//@children.3/@resourceContainerView/@resources.0/@uIResourceDiagram/@children.1/@interfaceElements.4"/>
    </interfaceElements>
    <interfaceElements iInterfaceElement="//@fbNetwork/@fBs.0/@interface/@eventOutputs.1" outConnections="//@connections.0" fbNetwork="//@fbNetwork">
      <mappedInterfaceElement href="SysConf.xml#//@children.3/@resourceContainerView/@resources.0/@uIResourceDiagram/@children.1/@interfaceElements.5"/>
    </interfaceElements>
    <interfaceElements iInterfaceElement="//@fbNetwork/@fBs.0/@interface/@outputVars.0" fbNetwork="//@fbNetwork">
      <mappedInterfaceElement href="SysConf.xml#//@children.3/@resourceContainerView/@resources.0/@uIResourceDiagram/@children.1/@interfaceElements.6"/>
    </interfaceElements>
    <interfaceElements iInterfaceElement="//@fbNetwork/@fBs.0/@interface/@outputVars.1" fbNetwork="//@fbNetwork">
      <mappedInterfaceElement href="SysConf.xml#//@children.3/@resourceContainerView/@resources.0/@uIResourceDiagram/@children.1/@interfaceElements.7"/>
    </interfaceElements>
    <interfaceElements iInterfaceElement="//@fbNetwork/@fBs.0/@interface/@outputVars.2" outConnections="//@connections.1" fbNetwork="//@fbNetwork">
      <mappedInterfaceElement href="SysConf.xml#//@children.3/@resourceContainerView/@resources.0/@uIResourceDiagram/@children.1/@interfaceElements.8"/>
    </interfaceElements>
    <interfaceElements iInterfaceElement="//@fbNetwork/@fBs.0/@interface/@outputVars.3" fbNetwork="//@fbNetwork">
      <mappedInterfaceElement href="SysConf.xml#//@children.3/@resourceContainerView/@resources.0/@uIResourceDiagram/@children.1/@interfaceElements.9"/>
    </interfaceElements>
    <mappedFB href="SysConf.xml#//@children.3/@resourceContainerView/@resources.0/@uIResourceDiagram/@children.1"/>
  </children>
  <children xsi:type="org.fordiac.ide.model.ui:FBView" fb="//@fbNetwork/@fBs.1">
    <position x="418" y="285"/>
    <backgroundColor red="192" green="192" blue="192"/>
    <interfaceElements iInterfaceElement="//@fbNetwork/@fBs.1/@interface/@eventInputs.0" inConnections="//@connections.0" fbNetwork="//@fbNetwork">
      <mappedInterfaceElement href="SysConf.xml#//@children.3/@resourceContainerView/@resources.0/@uIResourceDiagram/@children.2/@interfaceElements.0"/>
    </interfaceElements>
    <interfaceElements iInterfaceElement="//@fbNetwork/@fBs.1/@interface/@inputVars.0" inConnections="//@connections.1" fbNetwork="//@fbNetwork">
      <mappedInterfaceElement href="SysConf.xml#//@children.3/@resourceContainerView/@resources.0/@uIResourceDiagram/@children.2/@interfaceElements.1"/>
    </interfaceElements>
    <interfaceElements iInterfaceElement="//@fbNetwork/@fBs.1/@interface/@eventOutputs.0" outConnections="//@connections.2" fbNetwork="//@fbNetwork">
      <mappedInterfaceElement href="SysConf.xml#//@children.3/@resourceContainerView/@resources.0/@uIResourceDiagram/@children.2/@interfaceElements.2"/>
    </interfaceElements>
    <interfaceElements iInterfaceElement="//@fbNetwork/@fBs.1/@interface/@outputVars.0" outConnections="//@connections.3" fbNetwork="//@fbNetwork">
      <mappedInterfaceElement href="SysConf.xml#//@children.3/@resourceContainerView/@resources.0/@uIResourceDiagram/@children.2/@interfaceElements.3"/>
    </interfaceElements>
    <mappedFB href="SysConf.xml#//@children.3/@resourceContainerView/@resources.0/@uIResourceDiagram/@children.2"/>
  </children>
  <children xsi:type="org.fordiac.ide.model.ui:FBView" fb="//@fbNetwork/@fBs.2">
    <position x="665" y="152"/>
    <backgroundColor red="192" green="192" blue="192"/>
    <interfaceElements iInterfaceElement="//@fbNetwork/@fBs.2/@interface/@eventInputs.0" inConnections="//@connections.7" fbNetwork="//@fbNetwork">
      <mappedInterfaceElement href="SysConf.xml#//@children.3/@resourceContainerView/@resources.0/@uIResourceDiagram/@children.3/@interfaceElements.0"/>
    </interfaceElements>
    <interfaceElements iInterfaceElement="//@fbNetwork/@fBs.2/@interface/@eventInputs.1" inConnections="//@connections.2" fbNetwork="//@fbNetwork">
      <mappedInterfaceElement href="SysConf.xml#//@children.3/@resourceContainerView/@resources.0/@uIResourceDiagram/@children.3/@interfaceElements.1"/>
    </interfaceElements>
    <interfaceElements iInterfaceElement="//@fbNetwork/@fBs.2/@interface/@eventInputs.2" inConnections="//@connections.8" fbNetwork="//@fbNetwork">
      <mappedInterfaceElement href="SysConf.xml#//@children.3/@resourceContainerView/@resources.0/@uIResourceDiagram/@children.3/@interfaceElements.2"/>
    </interfaceElements>
    <interfaceElements iInterfaceElement="//@fbNetwork/@fBs.2/@interface/@inputVars.0" inConnections="//@connections.3" fbNetwork="//@fbNetwork">
      <mappedInterfaceElement href="SysConf.xml#//@children.3/@resourceContainerView/@resources.0/@uIResourceDiagram/@children.3/@interfaceElements.3"/>
    </interfaceElements>
    <interfaceElements iInterfaceElement="//@fbNetwork/@fBs.2/@interface/@inputVars.1" inConnections="//@connections.9" fbNetwork="//@fbNetwork">
      <mappedInterfaceElement href="SysConf.xml#//@children.3/@resourceContainerView/@resources.0/@uIResourceDiagram/@children.3/@interfaceElements.4"/>
    </interfaceElements>
    <interfaceElements iInterfaceElement="//@fbNetwork/@fBs.2/@interface/@inputVars.2" fbNetwork="//@fbNetwork">
      <mappedInterfaceElement href="SysConf.xml#//@children.3/@resourceContainerView/@resources.0/@uIResourceDiagram/@children.3/@interfaceElements.5"/>
    </interfaceElements>
    <interfaceElements iInterfaceElement="//@fbNetwork/@fBs.2/@interface/@inputVars.3" fbNetwork="//@fbNetwork">
      <mappedInterfaceElement href="SysConf.xml#//@children.3/@resourceContainerView/@resources.0/@uIResourceDiagram/@children.3/@interfaceElements.6"/>
    </interfaceElements>
    <interfaceElements iInterfaceElement="//@fbNetwork/@fBs.2/@interface/@inputVars.4" inConnections="//@connections.14" fbNetwork="//@fbNetwork">
      <mappedInterfaceElement href="SysConf.xml#//@children.3/@resourceContainerView/@resources.0/@uIResourceDiagram/@children.3/@interfaceElements.7"/>
    </interfaceElements>
    <interfaceElements iInterfaceElement="//@fbNetwork/@fBs.2/@interface/@inputVars.5" inConnections="//@connections.13" fbNetwork="//@fbNetwork">
      <mappedInterfaceElement href="SysConf.xml#//@children.3/@resourceContainerView/@resources.0/@uIResourceDiagram/@children.3/@interfaceElements.8"/>
    </interfaceElements>
    <interfaceElements iInterfaceElement="//@fbNetwork/@fBs.2/@interface/@inputVars.6" inConnections="//@connections.12" fbNetwork="//@fbNetwork">
      <mappedInterfaceElement href="SysConf.xml#//@children.3/@resourceContainerView/@resources.0/@uIResourceDiagram/@children.3/@interfaceElements.9"/>
    </interfaceElements>
    <interfaceElements iInterfaceElement="//@fbNetwork/@fBs.2/@interface/@inputVars.7" inConnections="//@connections.11" fbNetwork="//@fbNetwork">
      <mappedInterfaceElement href="SysConf.xml#//@children.3/@resourceContainerView/@resources.0/@uIResourceDiagram/@children.3/@interfaceElements.10"/>
    </interfaceElements>
    <interfaceElements iInterfaceElement="//@fbNetwork/@fBs.2/@interface/@inputVars.8" inConnections="//@connections.10" fbNetwork="//@fbNetwork">
      <mappedInterfaceElement href="SysConf.xml#//@children.3/@resourceContainerView/@resources.0/@uIResourceDiagram/@children.3/@interfaceElements.11"/>
    </interfaceElements>
    <interfaceElements iInterfaceElement="//@fbNetwork/@fBs.2/@interface/@inputVars.9" fbNetwork="//@fbNetwork">
      <mappedInterfaceElement href="SysConf.xml#//@children.3/@resourceContainerView/@resources.0/@uIResourceDiagram/@children.3/@interfaceElements.12"/>
    </interfaceElements>
    <interfaceElements iInterfaceElement="//@fbNetwork/@fBs.2/@interface/@inputVars.10" fbNetwork="//@fbNetwork">
      <mappedInterfaceElement href="SysConf.xml#//@children.3/@resourceContainerView/@resources.0/@uIResourceDiagram/@children.3/@interfaceElements.13"/>
    </interfaceElements>
    <interfaceElements iInterfaceElement="//@fbNetwork/@fBs.2/@interface/@eventOutputs.0" outConnections="//@connections.6" fbNetwork="//@fbNetwork">
      <mappedInterfaceElement href="SysConf.xml#//@children.3/@resourceContainerView/@resources.0/@uIResourceDiagram/@children.3/@interfaceElements.14"/>
    </interfaceElements>
    <interfaceElements iInterfaceElement="//@fbNetwork/@fBs.2/@interface/@eventOutputs.1" outConnections="//@connections.5" fbNetwork="//@fbNetwork">
      <mappedInterfaceElement href="SysConf.xml#//@children.3/@resourceContainerView/@resources.0/@uIResourceDiagram/@children.3/@interfaceElements.15"/>
    </interfaceElements>
    <interfaceElements iInterfaceElement="//@fbNetwork/@fBs.2/@interface/@outputVars.0" outConnections="//@connections.4" fbNetwork="//@fbNetwork">
      <mappedInterfaceElement href="SysConf.xml#//@children.3/@resourceContainerView/@resources.0/@uIResourceDiagram/@children.3/@interfaceElements.16"/>
    </interfaceElements>
    <interfaceElements iInterfaceElement="//@fbNetwork/@fBs.2/@interface/@outputVars.1" fbNetwork="//@fbNetwork">
      <mappedInterfaceElement href="SysConf.xml#//@children.3/@resourceContainerView/@resources.0/@uIResourceDiagram/@children.3/@interfaceElements.17"/>
    </interfaceElements>
    <interfaceElements iInterfaceElement="//@fbNetwork/@fBs.2/@interface/@outputVars.2" fbNetwork="//@fbNetwork">
      <mappedInterfaceElement href="SysConf.xml#//@children.3/@resourceContainerView/@resources.0/@uIResourceDiagram/@children.3/@interfaceElements.18"/>
    </interfaceElements>
    <mappedFB href="SysConf.xml#//@children.3/@resourceContainerView/@resources.0/@uIResourceDiagram/@children.3"/>
  </children>
  <children xsi:type="org.fordiac.ide.model.ui:FBView" fb="//@fbNetwork/@fBs.3">
    <position x="893" y="190"/>
    <backgroundColor red="192" green="192" blue="192"/>
    <interfaceElements iInterfaceElement="//@fbNetwork/@fBs.3/@interface/@eventInputs.0" inConnections="//@connections.6" fbNetwork="//@fbNetwork">
      <mappedInterfaceElement href="SysConf.xml#//@children.3/@resourceContainerView/@resources.0/@uIResourceDiagram/@children.4/@interfaceElements.0"/>
    </interfaceElements>
    <interfaceElements iInterfaceElement="//@fbNetwork/@fBs.3/@interface/@eventInputs.1" inConnections="//@connections.5" fbNetwork="//@fbNetwork">
      <mappedInterfaceElement href="SysConf.xml#//@children.3/@resourceContainerView/@resources.0/@uIResourceDiagram/@children.4/@interfaceElements.1"/>
    </interfaceElements>
    <interfaceElements iInterfaceElement="//@fbNetwork/@fBs.3/@interface/@inputVars.0" fbNetwork="//@fbNetwork">
      <mappedInterfaceElement href="SysConf.xml#//@children.3/@resourceContainerView/@resources.0/@uIResourceDiagram/@children.4/@interfaceElements.2"/>
    </interfaceElements>
    <interfaceElements iInterfaceElement="//@fbNetwork/@fBs.3/@interface/@inputVars.1" fbNetwork="//@fbNetwork">
      <mappedInterfaceElement href="SysConf.xml#//@children.3/@resourceContainerView/@resources.0/@uIResourceDiagram/@children.4/@interfaceElements.3"/>
    </interfaceElements>
    <interfaceElements iInterfaceElement="//@fbNetwork/@fBs.3/@interface/@inputVars.2" inConnections="//@connections.4" fbNetwork="//@fbNetwork">
      <mappedInterfaceElement href="SysConf.xml#//@children.3/@resourceContainerView/@resources.0/@uIResourceDiagram/@children.4/@interfaceElements.4"/>
    </interfaceElements>
    <interfaceElements iInterfaceElement="//@fbNetwork/@fBs.3/@interface/@eventOutputs.0" fbNetwork="//@fbNetwork">
      <mappedInterfaceElement href="SysConf.xml#//@children.3/@resourceContainerView/@resources.0/@uIResourceDiagram/@children.4/@interfaceElements.5"/>
    </interfaceElements>
    <interfaceElements iInterfaceElement="//@fbNetwork/@fBs.3/@interface/@eventOutputs.1" fbNetwork="//@fbNetwork">
      <mappedInterfaceElement href="SysConf.xml#//@children.3/@resourceContainerView/@resources.0/@uIResourceDiagram/@children.4/@interfaceElements.6"/>
    </interfaceElements>
    <interfaceElements iInterfaceElement="//@fbNetwork/@fBs.3/@interface/@outputVars.0" fbNetwork="//@fbNetwork">
      <mappedInterfaceElement href="SysConf.xml#//@children.3/@resourceContainerView/@resources.0/@uIResourceDiagram/@children.4/@interfaceElements.7"/>
    </interfaceElements>
    <interfaceElements iInterfaceElement="//@fbNetwork/@fBs.3/@interface/@outputVars.1" fbNetwork="//@fbNetwork">
      <mappedInterfaceElement href="SysConf.xml#//@children.3/@resourceContainerView/@resources.0/@uIResourceDiagram/@children.4/@interfaceElements.8"/>
    </interfaceElements>
    <mappedFB href="SysConf.xml#//@children.3/@resourceContainerView/@resources.0/@uIResourceDiagram/@children.4"/>
  </children>
  <children xsi:type="org.fordiac.ide.model.ui:FBView" fb="//@fbNetwork/@fBs.4">
    <position x="361" y="456"/>
    <backgroundColor red="192" green="192" blue="192"/>
    <interfaceElements iInterfaceElement="//@fbNetwork/@fBs.4/@interface/@eventInputs.0" fbNetwork="//@fbNetwork">
      <mappedInterfaceElement href="SysConf.xml#//@children.3/@resourceContainerView/@resources.0/@uIResourceDiagram/@children.5/@interfaceElements.0"/>
    </interfaceElements>
    <interfaceElements iInterfaceElement="//@fbNetwork/@fBs.4/@interface/@eventInputs.1" fbNetwork="//@fbNetwork">
      <mappedInterfaceElement href="SysConf.xml#//@children.3/@resourceContainerView/@resources.0/@uIResourceDiagram/@children.5/@interfaceElements.1"/>
    </interfaceElements>
    <interfaceElements iInterfaceElement="//@fbNetwork/@fBs.4/@interface/@inputVars.0" fbNetwork="//@fbNetwork">
      <mappedInterfaceElement href="SysConf.xml#//@children.3/@resourceContainerView/@resources.0/@uIResourceDiagram/@children.5/@interfaceElements.2"/>
    </interfaceElements>
    <interfaceElements iInterfaceElement="//@fbNetwork/@fBs.4/@interface/@inputVars.1" fbNetwork="//@fbNetwork">
      <mappedInterfaceElement href="SysConf.xml#//@children.3/@resourceContainerView/@resources.0/@uIResourceDiagram/@children.5/@interfaceElements.3"/>
    </interfaceElements>
    <interfaceElements iInterfaceElement="//@fbNetwork/@fBs.4/@interface/@eventOutputs.0" fbNetwork="//@fbNetwork">
      <mappedInterfaceElement href="SysConf.xml#//@children.3/@resourceContainerView/@resources.0/@uIResourceDiagram/@children.5/@interfaceElements.4"/>
    </interfaceElements>
    <interfaceElements iInterfaceElement="//@fbNetwork/@fBs.4/@interface/@eventOutputs.1" outConnections="//@connections.8" fbNetwork="//@fbNetwork">
      <mappedInterfaceElement href="SysConf.xml#//@children.3/@resourceContainerView/@resources.0/@uIResourceDiagram/@children.5/@interfaceElements.5"/>
    </interfaceElements>
    <interfaceElements iInterfaceElement="//@fbNetwork/@fBs.4/@interface/@outputVars.0" fbNetwork="//@fbNetwork">
      <mappedInterfaceElement href="SysConf.xml#//@children.3/@resourceContainerView/@resources.0/@uIResourceDiagram/@children.5/@interfaceElements.6"/>
    </interfaceElements>
    <interfaceElements iInterfaceElement="//@fbNetwork/@fBs.4/@interface/@outputVars.1" fbNetwork="//@fbNetwork">
      <mappedInterfaceElement href="SysConf.xml#//@children.3/@resourceContainerView/@resources.0/@uIResourceDiagram/@children.5/@interfaceElements.7"/>
    </interfaceElements>
    <interfaceElements iInterfaceElement="//@fbNetwork/@fBs.4/@interface/@outputVars.2" outConnections="//@connections.9" fbNetwork="//@fbNetwork">
      <mappedInterfaceElement href="SysConf.xml#//@children.3/@resourceContainerView/@resources.0/@uIResourceDiagram/@children.5/@interfaceElements.8"/>
    </interfaceElements>
    <interfaceElements iInterfaceElement="//@fbNetwork/@fBs.4/@interface/@outputVars.3" outConnections="//@connections.14" fbNetwork="//@fbNetwork">
      <mappedInterfaceElement href="SysConf.xml#//@children.3/@resourceContainerView/@resources.0/@uIResourceDiagram/@children.5/@interfaceElements.9"/>
    </interfaceElements>
    <interfaceElements iInterfaceElement="//@fbNetwork/@fBs.4/@interface/@outputVars.4" outConnections="//@connections.13" fbNetwork="//@fbNetwork">
      <mappedInterfaceElement href="SysConf.xml#//@children.3/@resourceContainerView/@resources.0/@uIResourceDiagram/@children.5/@interfaceElements.10"/>
    </interfaceElements>
    <interfaceElements iInterfaceElement="//@fbNetwork/@fBs.4/@interface/@outputVars.5" outConnections="//@connections.12" fbNetwork="//@fbNetwork">
      <mappedInterfaceElement href="SysConf.xml#//@children.3/@resourceContainerView/@resources.0/@uIResourceDiagram/@children.5/@interfaceElements.11"/>
    </interfaceElements>
    <interfaceElements iInterfaceElement="//@fbNetwork/@fBs.4/@interface/@outputVars.6" outConnections="//@connections.11" fbNetwork="//@fbNetwork">
      <mappedInterfaceElement href="SysConf.xml#//@children.3/@resourceContainerView/@resources.0/@uIResourceDiagram/@children.5/@interfaceElements.12"/>
    </interfaceElements>
    <interfaceElements iInterfaceElement="//@fbNetwork/@fBs.4/@interface/@outputVars.7" outConnections="//@connections.10" fbNetwork="//@fbNetwork">
      <mappedInterfaceElement href="SysConf.xml#//@children.3/@resourceContainerView/@resources.0/@uIResourceDiagram/@children.5/@interfaceElements.13"/>
    </interfaceElements>
    <mappedFB href="SysConf.xml#//@children.3/@resourceContainerView/@resources.0/@uIResourceDiagram/@children.5"/>
  </children>
  <connections xsi:type="org.fordiac.ide.model.ui:ConnectionView" source="//@children.0/@interfaceElements.5" destination="//@children.1/@interfaceElements.0">
    <connectionElement xsi:type="libraryElement:EventConnection" href="SysConf.xml#//@systemConfigNetwork/@devices.2/@resource.0/@fBNetwork/@eventConnections.2"/>
  </connections>
  <connections xsi:type="org.fordiac.ide.model.ui:ConnectionView" source="//@children.0/@interfaceElements.8" destination="//@children.1/@interfaceElements.1">
    <connectionElement xsi:type="libraryElement:DataConnection" href="SysConf.xml#//@systemConfigNetwork/@devices.2/@resource.0/@fBNetwork/@dataConnections.0"/>
  </connections>
  <connections xsi:type="org.fordiac.ide.model.ui:ConnectionView" source="//@children.1/@interfaceElements.2" destination="//@children.2/@interfaceElements.1">
    <connectionElement xsi:type="libraryElement:EventConnection" href="SysConf.xml#//@systemConfigNetwork/@devices.2/@resource.0/@fBNetwork/@eventConnections.4"/>
  </connections>
  <connections xsi:type="org.fordiac.ide.model.ui:ConnectionView" source="//@children.1/@interfaceElements.3" destination="//@children.2/@interfaceElements.3">
    <connectionElement xsi:type="libraryElement:DataConnection" href="SysConf.xml#//@systemConfigNetwork/@devices.2/@resource.0/@fBNetwork/@dataConnections.1"/>
  </connections>
  <connections xsi:type="org.fordiac.ide.model.ui:ConnectionView" source="//@children.2/@interfaceElements.16" destination="//@children.3/@interfaceElements.4">
    <connectionElement xsi:type="libraryElement:DataConnection" href="SysConf.xml#//@systemConfigNetwork/@devices.2/@resource.0/@fBNetwork/@dataConnections.2"/>
  </connections>
  <connections xsi:type="org.fordiac.ide.model.ui:ConnectionView" source="//@children.2/@interfaceElements.15" destination="//@children.3/@interfaceElements.1">
    <connectionElement xsi:type="libraryElement:EventConnection" href="SysConf.xml#//@systemConfigNetwork/@devices.2/@resource.0/@fBNetwork/@eventConnections.6"/>
  </connections>
  <connections xsi:type="org.fordiac.ide.model.ui:ConnectionView" source="//@children.2/@interfaceElements.14" destination="//@children.3/@interfaceElements.0">
    <connectionElement xsi:type="libraryElement:EventConnection" href="SysConf.xml#//@systemConfigNetwork/@devices.2/@resource.0/@fBNetwork/@eventConnections.5"/>
  </connections>
  <connections xsi:type="org.fordiac.ide.model.ui:ConnectionView" source="//@children.0/@interfaceElements.4" destination="//@children.2/@interfaceElements.0">
    <connectionElement xsi:type="libraryElement:EventConnection" href="SysConf.xml#//@systemConfigNetwork/@devices.2/@resource.0/@fBNetwork/@eventConnections.3"/>
  </connections>
  <connections xsi:type="org.fordiac.ide.model.ui:ConnectionView" source="//@children.4/@interfaceElements.5" destination="//@children.2/@interfaceElements.2">
    <connectionElement xsi:type="libraryElement:EventConnection" href="SysConf.xml#//@systemConfigNetwork/@devices.2/@resource.0/@fBNetwork/@eventConnections.7"/>
  </connections>
  <connections xsi:type="org.fordiac.ide.model.ui:ConnectionView" source="//@children.4/@interfaceElements.8" destination="//@children.2/@interfaceElements.4">
    <connectionElement xsi:type="libraryElement:DataConnection" href="SysConf.xml#//@systemConfigNetwork/@devices.2/@resource.0/@fBNetwork/@dataConnections.3"/>
  </connections>
  <connections xsi:type="org.fordiac.ide.model.ui:ConnectionView" source="//@children.4/@interfaceElements.13" destination="//@children.2/@interfaceElements.11">
    <connectionElement xsi:type="libraryElement:DataConnection" href="SysConf.xml#//@systemConfigNetwork/@devices.2/@resource.0/@fBNetwork/@dataConnections.8"/>
  </connections>
  <connections xsi:type="org.fordiac.ide.model.ui:ConnectionView" source="//@children.4/@interfaceElements.12" destination="//@children.2/@interfaceElements.10">
    <connectionElement xsi:type="libraryElement:DataConnection" href="SysConf.xml#//@systemConfigNetwork/@devices.2/@resource.0/@fBNetwork/@dataConnections.7"/>
  </connections>
  <connections xsi:type="org.fordiac.ide.model.ui:ConnectionView" source="//@children.4/@interfaceElements.11" destination="//@children.2/@interfaceElements.9">
    <connectionElement xsi:type="libraryElement:DataConnection" href="SysConf.xml#//@systemConfigNetwork/@devices.2/@resource.0/@fBNetwork/@dataConnections.6"/>
  </connections>
  <connections xsi:type="org.fordiac.ide.model.ui:ConnectionView" source="//@children.4/@interfaceElements.10" destination="//@children.2/@interfaceElements.8">
    <connectionElement xsi:type="libraryElement:DataConnection" href="SysConf.xml#//@systemConfigNetwork/@devices.2/@resource.0/@fBNetwork/@dataConnections.5"/>
  </connections>
  <connections xsi:type="org.fordiac.ide.model.ui:ConnectionView" source="//@children.4/@interfaceElements.9" destination="//@children.2/@interfaceElements.7">
    <connectionElement xsi:type="libraryElement:DataConnection" href="SysConf.xml#//@systemConfigNetwork/@devices.2/@resource.0/@fBNetwork/@dataConnections.4"/>
  </connections>
  <fbNetwork>
    <fBs name="SUBSCRIBE_2_1" identifier="true" id="_4elE8BlQEemazbnsLQeSgw" fbtPath="net\SUBSCRIBE_2.fbt">
      <interface>
        <eventInputs name="INIT" comment="Service Initialization" isInput="true">
          <with variables="//@fbNetwork/@fBs.0/@interface/@inputVars.0"/>
          <with variables="//@fbNetwork/@fBs.0/@interface/@inputVars.1"/>
          <inputConnections href="SysConf.xml#//@systemConfigNetwork/@devices.2/@resource.0/@fBNetwork/@eventConnections.0"/>
          <inputConnections href="SysConf.xml#//@systemConfigNetwork/@devices.2/@resource.0/@fBNetwork/@eventConnections.1"/>
        </eventInputs>
        <eventInputs name="RSP" comment="Service Response" isInput="true">
          <with variables="//@fbNetwork/@fBs.0/@interface/@inputVars.0"/>
        </eventInputs>
        <eventOutputs name="INITO" comment="Initialization Confirm">
          <with variables="//@fbNetwork/@fBs.0/@interface/@outputVars.0"/>
          <with variables="//@fbNetwork/@fBs.0/@interface/@outputVars.1"/>
          <outputConnections href="SysConf.xml#//@systemConfigNetwork/@devices.2/@resource.0/@fBNetwork/@eventConnections.3"/>
        </eventOutputs>
        <eventOutputs name="IND" comment="Service Indication">
          <with variables="//@fbNetwork/@fBs.0/@interface/@outputVars.0"/>
          <with variables="//@fbNetwork/@fBs.0/@interface/@outputVars.1"/>
          <with variables="//@fbNetwork/@fBs.0/@interface/@outputVars.2"/>
          <with variables="//@fbNetwork/@fBs.0/@interface/@outputVars.3"/>
          <outputConnections href="SysConf.xml#//@systemConfigNetwork/@devices.2/@resource.0/@fBNetwork/@eventConnections.2"/>
        </eventOutputs>
        <inputVars name="QI" comment="Event Input Qualifier" isInput="true" arraySize="-1" typeName="BOOL" withs="//@fbNetwork/@fBs.0/@interface/@eventInputs.0/@with.0 //@fbNetwork/@fBs.0/@interface/@eventInputs.1/@with.0">
          <value value="1"/>
        </inputVars>
        <inputVars name="ID" comment="Connection Identifier" isInput="true" arraySize="-1" typeName="WSTRING" withs="//@fbNetwork/@fBs.0/@interface/@eventInputs.0/@with.1">
          <value value="127.0.0.1:62600"/>
        </inputVars>
        <outputVars name="QO" comment="Event Output Qualifier" arraySize="-1" typeName="BOOL" withs="//@fbNetwork/@fBs.0/@interface/@eventOutputs.0/@with.0 //@fbNetwork/@fBs.0/@interface/@eventOutputs.1/@with.0"/>
        <outputVars name="STATUS" comment="Service Status" arraySize="-1" typeName="WSTRING" withs="//@fbNetwork/@fBs.0/@interface/@eventOutputs.0/@with.1 //@fbNetwork/@fBs.0/@interface/@eventOutputs.1/@with.1"/>
        <outputVars name="RD_1" comment="Subscribed Data" arraySize="-1" typeName="ANY" withs="//@fbNetwork/@fBs.0/@interface/@eventOutputs.1/@with.2">
          <outputConnections href="SysConf.xml#//@systemConfigNetwork/@devices.2/@resource.0/@fBNetwork/@dataConnections.0"/>
        </outputVars>
        <outputVars name="RD_2" comment="Subscribed Data" arraySize="-1" typeName="ANY" withs="//@fbNetwork/@fBs.0/@interface/@eventOutputs.1/@with.3"/>
      </interface>
      <position x="190" y="285"/>
      <resource href="SysConf.xml#//@systemConfigNetwork/@devices.2/@resource.0/@fBNetwork"/>
    </fBs>
    <fBs name="REAL2REAL_3" identifier="true" id="_cf_dsBlREemazbnsLQeSgw" fbtPath="convert\REAL2REAL.fbt">
      <interface>
        <eventInputs name="REQ" comment="Normal Execution Request" isInput="true">
          <with variables="//@fbNetwork/@fBs.1/@interface/@inputVars.0"/>
          <inputConnections href="SysConf.xml#//@systemConfigNetwork/@devices.2/@resource.0/@fBNetwork/@eventConnections.2"/>
        </eventInputs>
        <eventOutputs name="CNF" comment="Execution Confirmation">
          <with variables="//@fbNetwork/@fBs.1/@interface/@outputVars.0"/>
          <outputConnections href="SysConf.xml#//@systemConfigNetwork/@devices.2/@resource.0/@fBNetwork/@eventConnections.4"/>
        </eventOutputs>
        <inputVars name="IN" comment="Input event qualifier" isInput="true" arraySize="-1" typeName="REAL" withs="//@fbNetwork/@fBs.1/@interface/@eventInputs.0/@with.0">
          <value/>
          <inputConnections href="SysConf.xml#//@systemConfigNetwork/@devices.2/@resource.0/@fBNetwork/@dataConnections.0"/>
        </inputVars>
        <outputVars name="OUT" comment="Output event qualifier" arraySize="-1" typeName="REAL" withs="//@fbNetwork/@fBs.1/@interface/@eventOutputs.0/@with.0">
          <outputConnections href="SysConf.xml#//@systemConfigNetwork/@devices.2/@resource.0/@fBNetwork/@dataConnections.1"/>
        </outputVars>
      </interface>
      <position x="418" y="228"/>
      <resource href="SysConf.xml#//@systemConfigNetwork/@devices.2/@resource.0/@fBNetwork"/>
    </fBs>
    <fBs name="FB_CTRL_PID" identifier="true" id="_AcuVUBlTEemazbnsLQeSgw" fbtPath="OSCAT\Control\FB_CTRL_PID.fbt">
      <interface>
        <eventInputs name="INIT" comment="Initialization Request" isInput="true">
          <with variables="//@fbNetwork/@fBs.2/@interface/@inputVars.0"/>
          <inputConnections href="SysConf.xml#//@systemConfigNetwork/@devices.2/@resource.0/@fBNetwork/@eventConnections.3"/>
        </eventInputs>
        <eventInputs name="REQ" comment="Normal Execution Request" isInput="true">
          <with variables="//@fbNetwork/@fBs.2/@interface/@inputVars.0"/>
          <inputConnections href="SysConf.xml#//@systemConfigNetwork/@devices.2/@resource.0/@fBNetwork/@eventConnections.4"/>
        </eventInputs>
        <eventInputs name="RST" isInput="true">
          <with variables="//@fbNetwork/@fBs.2/@interface/@inputVars.0"/>
          <with variables="//@fbNetwork/@fBs.2/@interface/@inputVars.1"/>
          <with variables="//@fbNetwork/@fBs.2/@interface/@inputVars.2"/>
          <with variables="//@fbNetwork/@fBs.2/@interface/@inputVars.3"/>
          <with variables="//@fbNetwork/@fBs.2/@interface/@inputVars.4"/>
          <with variables="//@fbNetwork/@fBs.2/@interface/@inputVars.5"/>
          <with variables="//@fbNetwork/@fBs.2/@interface/@inputVars.6"/>
          <with variables="//@fbNetwork/@fBs.2/@interface/@inputVars.7"/>
          <with variables="//@fbNetwork/@fBs.2/@interface/@inputVars.8"/>
          <with variables="//@fbNetwork/@fBs.2/@interface/@inputVars.9"/>
          <with variables="//@fbNetwork/@fBs.2/@interface/@inputVars.10"/>
          <inputConnections href="SysConf.xml#//@systemConfigNetwork/@devices.2/@resource.0/@fBNetwork/@eventConnections.7"/>
        </eventInputs>
        <eventOutputs name="INITO" comment="Initialization Confirm">
          <with variables="//@fbNetwork/@fBs.2/@interface/@outputVars.0"/>
          <with variables="//@fbNetwork/@fBs.2/@interface/@outputVars.2"/>
          <outputConnections href="SysConf.xml#//@systemConfigNetwork/@devices.2/@resource.0/@fBNetwork/@eventConnections.5"/>
        </eventOutputs>
        <eventOutputs name="CNF" comment="Execution Confirmation">
          <with variables="//@fbNetwork/@fBs.2/@interface/@outputVars.0"/>
          <with variables="//@fbNetwork/@fBs.2/@interface/@outputVars.1"/>
          <with variables="//@fbNetwork/@fBs.2/@interface/@outputVars.2"/>
          <outputConnections href="SysConf.xml#//@systemConfigNetwork/@devices.2/@resource.0/@fBNetwork/@eventConnections.6"/>
        </eventOutputs>
        <inputVars name="ACT" comment="Input event qualifier" isInput="true" arraySize="-1" typeName="REAL" withs="//@fbNetwork/@fBs.2/@interface/@eventInputs.0/@with.0 //@fbNetwork/@fBs.2/@interface/@eventInputs.1/@with.0 //@fbNetwork/@fBs.2/@interface/@eventInputs.2/@with.0">
          <value/>
          <inputConnections href="SysConf.xml#//@systemConfigNetwork/@devices.2/@resource.0/@fBNetwork/@dataConnections.1"/>
        </inputVars>
        <inputVars name="SET" comment="default" isInput="true" arraySize="-1" typeName="REAL" withs="//@fbNetwork/@fBs.2/@interface/@eventInputs.2/@with.1">
          <value/>
          <inputConnections href="SysConf.xml#//@systemConfigNetwork/@devices.2/@resource.0/@fBNetwork/@dataConnections.3"/>
        </inputVars>
        <inputVars name="SUP" comment="noise reduction" isInput="true" arraySize="-1" typeName="REAL" withs="//@fbNetwork/@fBs.2/@interface/@eventInputs.2/@with.2">
          <value/>
        </inputVars>
        <inputVars name="OFS" comment="offeset for the output" isInput="true" arraySize="-1" typeName="REAL" withs="//@fbNetwork/@fBs.2/@interface/@eventInputs.2/@with.3">
          <value/>
        </inputVars>
        <inputVars name="M_I" comment="input value for manual operation" isInput="true" arraySize="-1" typeName="REAL" withs="//@fbNetwork/@fBs.2/@interface/@eventInputs.2/@with.4">
          <value/>
          <inputConnections href="SysConf.xml#//@systemConfigNetwork/@devices.2/@resource.0/@fBNetwork/@dataConnections.4"/>
        </inputVars>
        <inputVars name="MAN" comment="switch to manual mode" isInput="true" arraySize="-1" typeName="BOOL" withs="//@fbNetwork/@fBs.2/@interface/@eventInputs.2/@with.5">
          <value/>
          <inputConnections href="SysConf.xml#//@systemConfigNetwork/@devices.2/@resource.0/@fBNetwork/@dataConnections.5"/>
        </inputVars>
        <inputVars name="KP" comment="controller gain" isInput="true" arraySize="-1" typeName="REAL" withs="//@fbNetwork/@fBs.2/@interface/@eventInputs.2/@with.6">
          <value/>
          <inputConnections href="SysConf.xml#//@systemConfigNetwork/@devices.2/@resource.0/@fBNetwork/@dataConnections.6"/>
        </inputVars>
        <inputVars name="TN" comment="reset of the controller" isInput="true" arraySize="-1" typeName="REAL" withs="//@fbNetwork/@fBs.2/@interface/@eventInputs.2/@with.7">
          <value/>
          <inputConnections href="SysConf.xml#//@systemConfigNetwork/@devices.2/@resource.0/@fBNetwork/@dataConnections.7"/>
        </inputVars>
        <inputVars name="TV" comment="derivative of the controller" isInput="true" arraySize="-1" typeName="REAL" withs="//@fbNetwork/@fBs.2/@interface/@eventInputs.2/@with.8">
          <value/>
          <inputConnections href="SysConf.xml#//@systemConfigNetwork/@devices.2/@resource.0/@fBNetwork/@dataConnections.8"/>
        </inputVars>
        <inputVars name="LIM_L" comment="lower output limit" isInput="true" arraySize="-1" typeName="REAL" withs="//@fbNetwork/@fBs.2/@interface/@eventInputs.2/@with.9">
          <value value="0"/>
        </inputVars>
        <inputVars name="LIM_H" comment="upper output limit" isInput="true" arraySize="-1" typeName="REAL" withs="//@fbNetwork/@fBs.2/@interface/@eventInputs.2/@with.10">
          <value value="100"/>
        </inputVars>
        <outputVars name="Y" comment="output of the controller" arraySize="-1" typeName="REAL" withs="//@fbNetwork/@fBs.2/@interface/@eventOutputs.0/@with.0 //@fbNetwork/@fBs.2/@interface/@eventOutputs.1/@with.0">
          <outputConnections href="SysConf.xml#//@systemConfigNetwork/@devices.2/@resource.0/@fBNetwork/@dataConnections.2"/>
        </outputVars>
        <outputVars name="DIFF" comment="deviation" arraySize="-1" typeName="REAL" withs="//@fbNetwork/@fBs.2/@interface/@eventOutputs.1/@with.1"/>
        <outputVars name="LIMT" comment="TRUE if the output has reached a limit" arraySize="-1" typeName="BOOL" withs="//@fbNetwork/@fBs.2/@interface/@eventOutputs.0/@with.1 //@fbNetwork/@fBs.2/@interface/@eventOutputs.1/@with.2"/>
      </interface>
      <position x="665" y="152"/>
      <resource href="SysConf.xml#//@systemConfigNetwork/@devices.2/@resource.0/@fBNetwork"/>
    </fBs>
    <fBs name="PUBLISH_1" identifier="true" id="_KW5fcBlTEemazbnsLQeSgw" fbtPath="net\PUBLISH_1.fbt">
      <interface>
        <eventInputs name="INIT" comment="Service Initialization" isInput="true">
          <with variables="//@fbNetwork/@fBs.3/@interface/@inputVars.0"/>
          <with variables="//@fbNetwork/@fBs.3/@interface/@inputVars.1"/>
          <inputConnections href="SysConf.xml#//@systemConfigNetwork/@devices.2/@resource.0/@fBNetwork/@eventConnections.5"/>
        </eventInputs>
        <eventInputs name="REQ" comment="Service Request" isInput="true">
          <with variables="//@fbNetwork/@fBs.3/@interface/@inputVars.0"/>
          <with variables="//@fbNetwork/@fBs.3/@interface/@inputVars.2"/>
          <inputConnections href="SysConf.xml#//@systemConfigNetwork/@devices.2/@resource.0/@fBNetwork/@eventConnections.6"/>
        </eventInputs>
        <eventOutputs name="INITO" comment="Initialization Confirm">
          <with variables="//@fbNetwork/@fBs.3/@interface/@outputVars.0"/>
          <with variables="//@fbNetwork/@fBs.3/@interface/@outputVars.1"/>
        </eventOutputs>
        <eventOutputs name="CNF" comment="Service Confirmation">
          <with variables="//@fbNetwork/@fBs.3/@interface/@outputVars.0"/>
          <with variables="//@fbNetwork/@fBs.3/@interface/@outputVars.1"/>
        </eventOutputs>
        <inputVars name="QI" comment="Event Input Qualifier" isInput="true" arraySize="-1" typeName="BOOL" withs="//@fbNetwork/@fBs.3/@interface/@eventInputs.0/@with.0 //@fbNetwork/@fBs.3/@interface/@eventInputs.1/@with.0">
          <value/>
        </inputVars>
        <inputVars name="ID" comment="Connection Identifier" isInput="true" arraySize="-1" typeName="WSTRING" withs="//@fbNetwork/@fBs.3/@interface/@eventInputs.0/@with.1">
          <value value="127.0.0.1:63001"/>
        </inputVars>
        <inputVars name="SD_1" comment="Data to Send" isInput="true" arraySize="-1" typeName="ANY" withs="//@fbNetwork/@fBs.3/@interface/@eventInputs.1/@with.1">
          <value/>
          <inputConnections href="SysConf.xml#//@systemConfigNetwork/@devices.2/@resource.0/@fBNetwork/@dataConnections.2"/>
        </inputVars>
        <outputVars name="QO" comment="Event Output Qualifier" arraySize="-1" typeName="BOOL" withs="//@fbNetwork/@fBs.3/@interface/@eventOutputs.0/@with.0 //@fbNetwork/@fBs.3/@interface/@eventOutputs.1/@with.0"/>
        <outputVars name="STATUS" comment="Service Status" arraySize="-1" typeName="WSTRING" withs="//@fbNetwork/@fBs.3/@interface/@eventOutputs.0/@with.1 //@fbNetwork/@fBs.3/@interface/@eventOutputs.1/@with.1"/>
      </interface>
      <position x="893" y="190"/>
      <resource href="SysConf.xml#//@systemConfigNetwork/@devices.2/@resource.0/@fBNetwork"/>
    </fBs>
    <fBs name="SUBSCRIBE_6" identifier="true" id="_yz1BQBlTEemazbnsLQeSgw" fbtPath="net\SUBSCRIBE_6.fbt">
      <interface>
        <eventInputs name="INIT" comment="Service Initialization" isInput="true">
          <with variables="//@fbNetwork/@fBs.4/@interface/@inputVars.0"/>
          <with variables="//@fbNetwork/@fBs.4/@interface/@inputVars.1"/>
        </eventInputs>
        <eventInputs name="RSP" comment="Service Response" isInput="true">
          <with variables="//@fbNetwork/@fBs.4/@interface/@inputVars.0"/>
        </eventInputs>
        <eventOutputs name="INITO" comment="Initialization Confirm">
          <with variables="//@fbNetwork/@fBs.4/@interface/@outputVars.0"/>
          <with variables="//@fbNetwork/@fBs.4/@interface/@outputVars.1"/>
        </eventOutputs>
        <eventOutputs name="IND" comment="Service Indication">
          <with variables="//@fbNetwork/@fBs.4/@interface/@outputVars.0"/>
          <with variables="//@fbNetwork/@fBs.4/@interface/@outputVars.1"/>
          <with variables="//@fbNetwork/@fBs.4/@interface/@outputVars.2"/>
          <with variables="//@fbNetwork/@fBs.4/@interface/@outputVars.3"/>
          <with variables="//@fbNetwork/@fBs.4/@interface/@outputVars.4"/>
          <with variables="//@fbNetwork/@fBs.4/@interface/@outputVars.5"/>
          <with variables="//@fbNetwork/@fBs.4/@interface/@outputVars.6"/>
          <with variables="//@fbNetwork/@fBs.4/@interface/@outputVars.7"/>
          <outputConnections href="SysConf.xml#//@systemConfigNetwork/@devices.2/@resource.0/@fBNetwork/@eventConnections.7"/>
        </eventOutputs>
        <inputVars name="QI" comment="Event Input Qualifier" isInput="true" arraySize="-1" typeName="BOOL" withs="//@fbNetwork/@fBs.4/@interface/@eventInputs.0/@with.0 //@fbNetwork/@fBs.4/@interface/@eventInputs.1/@with.0">
          <value/>
        </inputVars>
        <inputVars name="ID" comment="Connection Identifier" isInput="true" arraySize="-1" typeName="WSTRING" withs="//@fbNetwork/@fBs.4/@interface/@eventInputs.0/@with.1">
          <value value="127.0.0.1:63002"/>
        </inputVars>
        <outputVars name="QO" comment="Event Output Qualifier" arraySize="-1" typeName="BOOL" withs="//@fbNetwork/@fBs.4/@interface/@eventOutputs.0/@with.0 //@fbNetwork/@fBs.4/@interface/@eventOutputs.1/@with.0"/>
        <outputVars name="STATUS" comment="Service Status" arraySize="-1" typeName="WSTRING" withs="//@fbNetwork/@fBs.4/@interface/@eventOutputs.0/@with.1 //@fbNetwork/@fBs.4/@interface/@eventOutputs.1/@with.1"/>
        <outputVars name="RD_1" comment="Subscribed Data" arraySize="-1" typeName="ANY" withs="//@fbNetwork/@fBs.4/@interface/@eventOutputs.1/@with.2">
          <outputConnections href="SysConf.xml#//@systemConfigNetwork/@devices.2/@resource.0/@fBNetwork/@dataConnections.3"/>
        </outputVars>
        <outputVars name="RD_2" comment="Subscribed Data" arraySize="-1" typeName="ANY" withs="//@fbNetwork/@fBs.4/@interface/@eventOutputs.1/@with.3">
          <outputConnections href="SysConf.xml#//@systemConfigNetwork/@devices.2/@resource.0/@fBNetwork/@dataConnections.4"/>
        </outputVars>
        <outputVars name="RD_3" comment="Subscribed Data" arraySize="-1" typeName="ANY" withs="//@fbNetwork/@fBs.4/@interface/@eventOutputs.1/@with.4">
          <outputConnections href="SysConf.xml#//@systemConfigNetwork/@devices.2/@resource.0/@fBNetwork/@dataConnections.5"/>
        </outputVars>
        <outputVars name="RD_4" comment="Subscribed Data" arraySize="-1" typeName="ANY" withs="//@fbNetwork/@fBs.4/@interface/@eventOutputs.1/@with.5">
          <outputConnections href="SysConf.xml#//@systemConfigNetwork/@devices.2/@resource.0/@fBNetwork/@dataConnections.6"/>
        </outputVars>
        <outputVars name="RD_5" arraySize="-1" typeName="ANY" withs="//@fbNetwork/@fBs.4/@interface/@eventOutputs.1/@with.6">
          <outputConnections href="SysConf.xml#//@systemConfigNetwork/@devices.2/@resource.0/@fBNetwork/@dataConnections.7"/>
        </outputVars>
        <outputVars name="RD_6" arraySize="-1" typeName="ANY" withs="//@fbNetwork/@fBs.4/@interface/@eventOutputs.1/@with.7">
          <outputConnections href="SysConf.xml#//@systemConfigNetwork/@devices.2/@resource.0/@fBNetwork/@dataConnections.8"/>
        </outputVars>
      </interface>
      <position x="361" y="456"/>
      <resource href="SysConf.xml#//@systemConfigNetwork/@devices.2/@resource.0/@fBNetwork"/>
    </fBs>
    <application href="VerticalCoalMill.xml#//@application.2"/>
  </fbNetwork>
</org.fordiac.ide.model.ui:UIFBNetwork>
