<?xml version="1.0" encoding="UTF-8"?>
<org.fordiac.ide.model.ui:UIFBNetwork xmi:version="2.0" xmlns:xmi="http://www.omg.org/XMI" xmlns:xsi="http://www.w3.org/2001/XMLSchema-instance" xmlns:libraryElement="org.fordiac.ide.model.libraryElement" xmlns:org.fordiac.ide.model.ui="org.fordiac.ide.model.ui">
  <children xsi:type="org.fordiac.ide.model.ui:FBView" fb="//@fbNetwork/@fBs.0">
    <position x="893" y="48"/>
    <backgroundColor red="255" green="255" blue="255"/>
    <interfaceElements iInterfaceElement="//@fbNetwork/@fBs.0/@interface/@eventInputs.0" inConnections="//@connections.0" fbNetwork="//@fbNetwork">
      <mappedInterfaceElement href="SysConf.xml#//@children.0/@resourceContainerView/@resources.0/@uIResourceDiagram/@children.2/@interfaceElements.0"/>
    </interfaceElements>
    <interfaceElements iInterfaceElement="//@fbNetwork/@fBs.0/@interface/@eventInputs.1" inConnections="//@connections.6" fbNetwork="//@fbNetwork">
      <mappedInterfaceElement href="SysConf.xml#//@children.0/@resourceContainerView/@resources.0/@uIResourceDiagram/@children.2/@interfaceElements.1"/>
    </interfaceElements>
    <interfaceElements iInterfaceElement="//@fbNetwork/@fBs.0/@interface/@inputVars.0" fbNetwork="//@fbNetwork">
      <mappedInterfaceElement href="SysConf.xml#//@children.0/@resourceContainerView/@resources.0/@uIResourceDiagram/@children.2/@interfaceElements.2"/>
    </interfaceElements>
    <interfaceElements iInterfaceElement="//@fbNetwork/@fBs.0/@interface/@inputVars.1" fbNetwork="//@fbNetwork">
      <mappedInterfaceElement href="SysConf.xml#//@children.0/@resourceContainerView/@resources.0/@uIResourceDiagram/@children.2/@interfaceElements.3"/>
    </interfaceElements>
    <interfaceElements iInterfaceElement="//@fbNetwork/@fBs.0/@interface/@inputVars.2" inConnections="//@connections.10" fbNetwork="//@fbNetwork">
      <mappedInterfaceElement href="SysConf.xml#//@children.0/@resourceContainerView/@resources.0/@uIResourceDiagram/@children.2/@interfaceElements.4"/>
    </interfaceElements>
    <interfaceElements iInterfaceElement="//@fbNetwork/@fBs.0/@interface/@inputVars.3" fbNetwork="//@fbNetwork">
      <mappedInterfaceElement href="SysConf.xml#//@children.0/@resourceContainerView/@resources.0/@uIResourceDiagram/@children.2/@interfaceElements.5"/>
    </interfaceElements>
    <interfaceElements iInterfaceElement="//@fbNetwork/@fBs.0/@interface/@inputVars.4" fbNetwork="//@fbNetwork">
      <mappedInterfaceElement href="SysConf.xml#//@children.0/@resourceContainerView/@resources.0/@uIResourceDiagram/@children.2/@interfaceElements.6"/>
    </interfaceElements>
    <interfaceElements iInterfaceElement="//@fbNetwork/@fBs.0/@interface/@eventOutputs.0" outConnections="//@connections.1" fbNetwork="//@fbNetwork">
      <mappedInterfaceElement href="SysConf.xml#//@children.0/@resourceContainerView/@resources.0/@uIResourceDiagram/@children.2/@interfaceElements.7"/>
    </interfaceElements>
    <interfaceElements iInterfaceElement="//@fbNetwork/@fBs.0/@interface/@eventOutputs.1" fbNetwork="//@fbNetwork">
      <mappedInterfaceElement href="SysConf.xml#//@children.0/@resourceContainerView/@resources.0/@uIResourceDiagram/@children.2/@interfaceElements.8"/>
    </interfaceElements>
    <interfaceElements iInterfaceElement="//@fbNetwork/@fBs.0/@interface/@outputVars.0" fbNetwork="//@fbNetwork">
      <mappedInterfaceElement href="SysConf.xml#//@children.0/@resourceContainerView/@resources.0/@uIResourceDiagram/@children.2/@interfaceElements.9"/>
    </interfaceElements>
    <mappedFB href="SysConf.xml#//@children.0/@resourceContainerView/@resources.0/@uIResourceDiagram/@children.2"/>
  </children>
  <children xsi:type="org.fordiac.ide.model.ui:FBView" fb="//@fbNetwork/@fBs.1">
    <position x="893" y="285"/>
    <backgroundColor red="255" green="255" blue="255"/>
    <interfaceElements iInterfaceElement="//@fbNetwork/@fBs.1/@interface/@eventInputs.0" inConnections="//@connections.1" fbNetwork="//@fbNetwork">
      <mappedInterfaceElement href="SysConf.xml#//@children.0/@resourceContainerView/@resources.0/@uIResourceDiagram/@children.3/@interfaceElements.0"/>
    </interfaceElements>
    <interfaceElements iInterfaceElement="//@fbNetwork/@fBs.1/@interface/@eventInputs.1" inConnections="//@connections.7" fbNetwork="//@fbNetwork">
      <mappedInterfaceElement href="SysConf.xml#//@children.0/@resourceContainerView/@resources.0/@uIResourceDiagram/@children.3/@interfaceElements.1"/>
    </interfaceElements>
    <interfaceElements iInterfaceElement="//@fbNetwork/@fBs.1/@interface/@inputVars.0" fbNetwork="//@fbNetwork">
      <mappedInterfaceElement href="SysConf.xml#//@children.0/@resourceContainerView/@resources.0/@uIResourceDiagram/@children.3/@interfaceElements.2"/>
    </interfaceElements>
    <interfaceElements iInterfaceElement="//@fbNetwork/@fBs.1/@interface/@inputVars.1" fbNetwork="//@fbNetwork">
      <mappedInterfaceElement href="SysConf.xml#//@children.0/@resourceContainerView/@resources.0/@uIResourceDiagram/@children.3/@interfaceElements.3"/>
    </interfaceElements>
    <interfaceElements iInterfaceElement="//@fbNetwork/@fBs.1/@interface/@inputVars.2" inConnections="//@connections.11" fbNetwork="//@fbNetwork">
      <mappedInterfaceElement href="SysConf.xml#//@children.0/@resourceContainerView/@resources.0/@uIResourceDiagram/@children.3/@interfaceElements.4"/>
    </interfaceElements>
    <interfaceElements iInterfaceElement="//@fbNetwork/@fBs.1/@interface/@inputVars.3" fbNetwork="//@fbNetwork">
      <mappedInterfaceElement href="SysConf.xml#//@children.0/@resourceContainerView/@resources.0/@uIResourceDiagram/@children.3/@interfaceElements.5"/>
    </interfaceElements>
    <interfaceElements iInterfaceElement="//@fbNetwork/@fBs.1/@interface/@inputVars.4" fbNetwork="//@fbNetwork">
      <mappedInterfaceElement href="SysConf.xml#//@children.0/@resourceContainerView/@resources.0/@uIResourceDiagram/@children.3/@interfaceElements.6"/>
    </interfaceElements>
    <interfaceElements iInterfaceElement="//@fbNetwork/@fBs.1/@interface/@eventOutputs.0" outConnections="//@connections.2" fbNetwork="//@fbNetwork">
      <mappedInterfaceElement href="SysConf.xml#//@children.0/@resourceContainerView/@resources.0/@uIResourceDiagram/@children.3/@interfaceElements.7"/>
    </interfaceElements>
    <interfaceElements iInterfaceElement="//@fbNetwork/@fBs.1/@interface/@eventOutputs.1" fbNetwork="//@fbNetwork">
      <mappedInterfaceElement href="SysConf.xml#//@children.0/@resourceContainerView/@resources.0/@uIResourceDiagram/@children.3/@interfaceElements.8"/>
    </interfaceElements>
    <interfaceElements iInterfaceElement="//@fbNetwork/@fBs.1/@interface/@outputVars.0" fbNetwork="//@fbNetwork">
      <mappedInterfaceElement href="SysConf.xml#//@children.0/@resourceContainerView/@resources.0/@uIResourceDiagram/@children.3/@interfaceElements.9"/>
    </interfaceElements>
    <mappedFB href="SysConf.xml#//@children.0/@resourceContainerView/@resources.0/@uIResourceDiagram/@children.3"/>
  </children>
  <children xsi:type="org.fordiac.ide.model.ui:FBView" fb="//@fbNetwork/@fBs.2">
    <position x="893" y="513"/>
    <backgroundColor red="255" green="255" blue="255"/>
    <interfaceElements iInterfaceElement="//@fbNetwork/@fBs.2/@interface/@eventInputs.0" inConnections="//@connections.2" fbNetwork="//@fbNetwork">
      <mappedInterfaceElement href="SysConf.xml#//@children.0/@resourceContainerView/@resources.0/@uIResourceDiagram/@children.4/@interfaceElements.0"/>
    </interfaceElements>
    <interfaceElements iInterfaceElement="//@fbNetwork/@fBs.2/@interface/@eventInputs.1" inConnections="//@connections.8" fbNetwork="//@fbNetwork">
      <mappedInterfaceElement href="SysConf.xml#//@children.0/@resourceContainerView/@resources.0/@uIResourceDiagram/@children.4/@interfaceElements.1"/>
    </interfaceElements>
    <interfaceElements iInterfaceElement="//@fbNetwork/@fBs.2/@interface/@inputVars.0" fbNetwork="//@fbNetwork">
      <mappedInterfaceElement href="SysConf.xml#//@children.0/@resourceContainerView/@resources.0/@uIResourceDiagram/@children.4/@interfaceElements.2"/>
    </interfaceElements>
    <interfaceElements iInterfaceElement="//@fbNetwork/@fBs.2/@interface/@inputVars.1" fbNetwork="//@fbNetwork">
      <mappedInterfaceElement href="SysConf.xml#//@children.0/@resourceContainerView/@resources.0/@uIResourceDiagram/@children.4/@interfaceElements.3"/>
    </interfaceElements>
    <interfaceElements iInterfaceElement="//@fbNetwork/@fBs.2/@interface/@inputVars.2" inConnections="//@connections.12" fbNetwork="//@fbNetwork">
      <mappedInterfaceElement href="SysConf.xml#//@children.0/@resourceContainerView/@resources.0/@uIResourceDiagram/@children.4/@interfaceElements.4"/>
    </interfaceElements>
    <interfaceElements iInterfaceElement="//@fbNetwork/@fBs.2/@interface/@inputVars.3" fbNetwork="//@fbNetwork">
      <mappedInterfaceElement href="SysConf.xml#//@children.0/@resourceContainerView/@resources.0/@uIResourceDiagram/@children.4/@interfaceElements.5"/>
    </interfaceElements>
    <interfaceElements iInterfaceElement="//@fbNetwork/@fBs.2/@interface/@inputVars.4" fbNetwork="//@fbNetwork">
      <mappedInterfaceElement href="SysConf.xml#//@children.0/@resourceContainerView/@resources.0/@uIResourceDiagram/@children.4/@interfaceElements.6"/>
    </interfaceElements>
    <interfaceElements iInterfaceElement="//@fbNetwork/@fBs.2/@interface/@eventOutputs.0" outConnections="//@connections.17" fbNetwork="//@fbNetwork">
      <mappedInterfaceElement href="SysConf.xml#//@children.0/@resourceContainerView/@resources.0/@uIResourceDiagram/@children.4/@interfaceElements.7"/>
    </interfaceElements>
    <interfaceElements iInterfaceElement="//@fbNetwork/@fBs.2/@interface/@eventOutputs.1" fbNetwork="//@fbNetwork">
      <mappedInterfaceElement href="SysConf.xml#//@children.0/@resourceContainerView/@resources.0/@uIResourceDiagram/@children.4/@interfaceElements.8"/>
    </interfaceElements>
    <interfaceElements iInterfaceElement="//@fbNetwork/@fBs.2/@interface/@outputVars.0" fbNetwork="//@fbNetwork">
      <mappedInterfaceElement href="SysConf.xml#//@children.0/@resourceContainerView/@resources.0/@uIResourceDiagram/@children.4/@interfaceElements.9"/>
    </interfaceElements>
    <mappedFB href="SysConf.xml#//@children.0/@resourceContainerView/@resources.0/@uIResourceDiagram/@children.4"/>
  </children>
  <children xsi:type="org.fordiac.ide.model.ui:FBView" fb="//@fbNetwork/@fBs.3">
    <position x="893" y="1216"/>
    <backgroundColor red="255" green="255" blue="255"/>
    <interfaceElements iInterfaceElement="//@fbNetwork/@fBs.3/@interface/@eventInputs.0" inConnections="//@connections.4" fbNetwork="//@fbNetwork">
      <mappedInterfaceElement href="SysConf.xml#//@children.0/@resourceContainerView/@resources.1/@uIResourceDiagram/@children.3/@interfaceElements.0"/>
    </interfaceElements>
    <interfaceElements iInterfaceElement="//@fbNetwork/@fBs.3/@interface/@eventInputs.1" inConnections="//@connections.14" fbNetwork="//@fbNetwork">
      <mappedInterfaceElement href="SysConf.xml#//@children.0/@resourceContainerView/@resources.1/@uIResourceDiagram/@children.3/@interfaceElements.1"/>
    </interfaceElements>
    <interfaceElements iInterfaceElement="//@fbNetwork/@fBs.3/@interface/@inputVars.0" fbNetwork="//@fbNetwork">
      <mappedInterfaceElement href="SysConf.xml#//@children.0/@resourceContainerView/@resources.1/@uIResourceDiagram/@children.3/@interfaceElements.2"/>
    </interfaceElements>
    <interfaceElements iInterfaceElement="//@fbNetwork/@fBs.3/@interface/@inputVars.1" fbNetwork="//@fbNetwork">
      <mappedInterfaceElement href="SysConf.xml#//@children.0/@resourceContainerView/@resources.1/@uIResourceDiagram/@children.3/@interfaceElements.3"/>
    </interfaceElements>
    <interfaceElements iInterfaceElement="//@fbNetwork/@fBs.3/@interface/@inputVars.2" inConnections="//@connections.16" fbNetwork="//@fbNetwork">
      <mappedInterfaceElement href="SysConf.xml#//@children.0/@resourceContainerView/@resources.1/@uIResourceDiagram/@children.3/@interfaceElements.4"/>
    </interfaceElements>
    <interfaceElements iInterfaceElement="//@fbNetwork/@fBs.3/@interface/@inputVars.3" fbNetwork="//@fbNetwork">
      <mappedInterfaceElement href="SysConf.xml#//@children.0/@resourceContainerView/@resources.1/@uIResourceDiagram/@children.3/@interfaceElements.5"/>
    </interfaceElements>
    <interfaceElements iInterfaceElement="//@fbNetwork/@fBs.3/@interface/@inputVars.4" fbNetwork="//@fbNetwork">
      <mappedInterfaceElement href="SysConf.xml#//@children.0/@resourceContainerView/@resources.1/@uIResourceDiagram/@children.3/@interfaceElements.6"/>
    </interfaceElements>
    <interfaceElements iInterfaceElement="//@fbNetwork/@fBs.3/@interface/@eventOutputs.0" outConnections="//@connections.5" fbNetwork="//@fbNetwork">
      <mappedInterfaceElement href="SysConf.xml#//@children.0/@resourceContainerView/@resources.1/@uIResourceDiagram/@children.3/@interfaceElements.7"/>
    </interfaceElements>
    <interfaceElements iInterfaceElement="//@fbNetwork/@fBs.3/@interface/@eventOutputs.1" fbNetwork="//@fbNetwork">
      <mappedInterfaceElement href="SysConf.xml#//@children.0/@resourceContainerView/@resources.1/@uIResourceDiagram/@children.3/@interfaceElements.8"/>
    </interfaceElements>
    <interfaceElements iInterfaceElement="//@fbNetwork/@fBs.3/@interface/@outputVars.0" fbNetwork="//@fbNetwork">
      <mappedInterfaceElement href="SysConf.xml#//@children.0/@resourceContainerView/@resources.1/@uIResourceDiagram/@children.3/@interfaceElements.9"/>
    </interfaceElements>
    <mappedFB href="SysConf.xml#//@children.0/@resourceContainerView/@resources.1/@uIResourceDiagram/@children.3"/>
  </children>
  <children xsi:type="org.fordiac.ide.model.ui:FBView" fb="//@fbNetwork/@fBs.4">
    <position x="893" y="988"/>
    <backgroundColor red="255" green="255" blue="255"/>
    <interfaceElements iInterfaceElement="//@fbNetwork/@fBs.4/@interface/@eventInputs.0" inConnections="//@connections.3" fbNetwork="//@fbNetwork">
      <mappedInterfaceElement href="SysConf.xml#//@children.0/@resourceContainerView/@resources.1/@uIResourceDiagram/@children.2/@interfaceElements.0"/>
    </interfaceElements>
    <interfaceElements iInterfaceElement="//@fbNetwork/@fBs.4/@interface/@eventInputs.1" inConnections="//@connections.13" fbNetwork="//@fbNetwork">
      <mappedInterfaceElement href="SysConf.xml#//@children.0/@resourceContainerView/@resources.1/@uIResourceDiagram/@children.2/@interfaceElements.1"/>
    </interfaceElements>
    <interfaceElements iInterfaceElement="//@fbNetwork/@fBs.4/@interface/@inputVars.0" fbNetwork="//@fbNetwork">
      <mappedInterfaceElement href="SysConf.xml#//@children.0/@resourceContainerView/@resources.1/@uIResourceDiagram/@children.2/@interfaceElements.2"/>
    </interfaceElements>
    <interfaceElements iInterfaceElement="//@fbNetwork/@fBs.4/@interface/@inputVars.1" fbNetwork="//@fbNetwork">
      <mappedInterfaceElement href="SysConf.xml#//@children.0/@resourceContainerView/@resources.1/@uIResourceDiagram/@children.2/@interfaceElements.3"/>
    </interfaceElements>
    <interfaceElements iInterfaceElement="//@fbNetwork/@fBs.4/@interface/@inputVars.2" inConnections="//@connections.15" fbNetwork="//@fbNetwork">
      <mappedInterfaceElement href="SysConf.xml#//@children.0/@resourceContainerView/@resources.1/@uIResourceDiagram/@children.2/@interfaceElements.4"/>
    </interfaceElements>
    <interfaceElements iInterfaceElement="//@fbNetwork/@fBs.4/@interface/@inputVars.3" fbNetwork="//@fbNetwork">
      <mappedInterfaceElement href="SysConf.xml#//@children.0/@resourceContainerView/@resources.1/@uIResourceDiagram/@children.2/@interfaceElements.5"/>
    </interfaceElements>
    <interfaceElements iInterfaceElement="//@fbNetwork/@fBs.4/@interface/@inputVars.4" fbNetwork="//@fbNetwork">
      <mappedInterfaceElement href="SysConf.xml#//@children.0/@resourceContainerView/@resources.1/@uIResourceDiagram/@children.2/@interfaceElements.6"/>
    </interfaceElements>
    <interfaceElements iInterfaceElement="//@fbNetwork/@fBs.4/@interface/@eventOutputs.0" outConnections="//@connections.4" fbNetwork="//@fbNetwork">
      <mappedInterfaceElement href="SysConf.xml#//@children.0/@resourceContainerView/@resources.1/@uIResourceDiagram/@children.2/@interfaceElements.7"/>
    </interfaceElements>
    <interfaceElements iInterfaceElement="//@fbNetwork/@fBs.4/@interface/@eventOutputs.1" fbNetwork="//@fbNetwork">
      <mappedInterfaceElement href="SysConf.xml#//@children.0/@resourceContainerView/@resources.1/@uIResourceDiagram/@children.2/@interfaceElements.8"/>
    </interfaceElements>
    <interfaceElements iInterfaceElement="//@fbNetwork/@fBs.4/@interface/@outputVars.0" fbNetwork="//@fbNetwork">
      <mappedInterfaceElement href="SysConf.xml#//@children.0/@resourceContainerView/@resources.1/@uIResourceDiagram/@children.2/@interfaceElements.9"/>
    </interfaceElements>
    <mappedFB href="SysConf.xml#//@children.0/@resourceContainerView/@resources.1/@uIResourceDiagram/@children.2"/>
  </children>
  <children xsi:type="org.fordiac.ide.model.ui:FBView" fb="//@fbNetwork/@fBs.5">
    <position x="893" y="-95"/>
    <backgroundColor red="255" green="255" blue="255"/>
    <interfaceElements iInterfaceElement="//@fbNetwork/@fBs.5/@interface/@eventInputs.0" fbNetwork="//@fbNetwork">
      <mappedInterfaceElement href="SysConf.xml#//@children.0/@resourceContainerView/@resources.0/@uIResourceDiagram/@children.1/@interfaceElements.0"/>
    </interfaceElements>
    <interfaceElements iInterfaceElement="//@fbNetwork/@fBs.5/@interface/@inputVars.0" fbNetwork="//@fbNetwork">
      <mappedInterfaceElement href="SysConf.xml#//@children.0/@resourceContainerView/@resources.0/@uIResourceDiagram/@children.1/@interfaceElements.1"/>
    </interfaceElements>
    <interfaceElements iInterfaceElement="//@fbNetwork/@fBs.5/@interface/@inputVars.1" fbNetwork="//@fbNetwork">
      <mappedInterfaceElement href="SysConf.xml#//@children.0/@resourceContainerView/@resources.0/@uIResourceDiagram/@children.1/@interfaceElements.2"/>
    </interfaceElements>
    <interfaceElements iInterfaceElement="//@fbNetwork/@fBs.5/@interface/@eventOutputs.0" outConnections="//@connections.0" fbNetwork="//@fbNetwork">
      <mappedInterfaceElement href="SysConf.xml#//@children.0/@resourceContainerView/@resources.0/@uIResourceDiagram/@children.1/@interfaceElements.3"/>
    </interfaceElements>
    <interfaceElements iInterfaceElement="//@fbNetwork/@fBs.5/@interface/@outputVars.0" fbNetwork="//@fbNetwork">
      <mappedInterfaceElement href="SysConf.xml#//@children.0/@resourceContainerView/@resources.0/@uIResourceDiagram/@children.1/@interfaceElements.4"/>
    </interfaceElements>
    <mappedFB href="SysConf.xml#//@children.0/@resourceContainerView/@resources.0/@uIResourceDiagram/@children.1"/>
  </children>
  <children xsi:type="org.fordiac.ide.model.ui:FBView" fb="//@fbNetwork/@fBs.6">
    <position x="893" y="836"/>
    <backgroundColor red="255" green="255" blue="255"/>
    <interfaceElements iInterfaceElement="//@fbNetwork/@fBs.6/@interface/@eventInputs.0" inConnections="//@connections.17" fbNetwork="//@fbNetwork">
      <mappedInterfaceElement href="SysConf.xml#//@children.0/@resourceContainerView/@resources.1/@uIResourceDiagram/@children.1/@interfaceElements.0"/>
    </interfaceElements>
    <interfaceElements iInterfaceElement="//@fbNetwork/@fBs.6/@interface/@inputVars.0" fbNetwork="//@fbNetwork">
      <mappedInterfaceElement href="SysConf.xml#//@children.0/@resourceContainerView/@resources.1/@uIResourceDiagram/@children.1/@interfaceElements.1"/>
    </interfaceElements>
    <interfaceElements iInterfaceElement="//@fbNetwork/@fBs.6/@interface/@inputVars.1" fbNetwork="//@fbNetwork">
      <mappedInterfaceElement href="SysConf.xml#//@children.0/@resourceContainerView/@resources.1/@uIResourceDiagram/@children.1/@interfaceElements.2"/>
    </interfaceElements>
    <interfaceElements iInterfaceElement="//@fbNetwork/@fBs.6/@interface/@eventOutputs.0" outConnections="//@connections.3" fbNetwork="//@fbNetwork">
      <mappedInterfaceElement href="SysConf.xml#//@children.0/@resourceContainerView/@resources.1/@uIResourceDiagram/@children.1/@interfaceElements.3"/>
    </interfaceElements>
    <interfaceElements iInterfaceElement="//@fbNetwork/@fBs.6/@interface/@outputVars.0" fbNetwork="//@fbNetwork">
      <mappedInterfaceElement href="SysConf.xml#//@children.0/@resourceContainerView/@resources.1/@uIResourceDiagram/@children.1/@interfaceElements.4"/>
    </interfaceElements>
    <mappedFB href="SysConf.xml#//@children.0/@resourceContainerView/@resources.1/@uIResourceDiagram/@children.1"/>
  </children>
  <children xsi:type="org.fordiac.ide.model.ui:FBView" fb="//@fbNetwork/@fBs.7">
    <position x="897" y="1463"/>
    <backgroundColor red="255" green="255" blue="255"/>
    <interfaceElements iInterfaceElement="//@fbNetwork/@fBs.7/@interface/@eventInputs.0" inConnections="//@connections.5" fbNetwork="//@fbNetwork">
      <mappedInterfaceElement href="SysConf.xml#//@children.0/@resourceContainerView/@resources.1/@uIResourceDiagram/@children.5/@interfaceElements.0"/>
    </interfaceElements>
    <interfaceElements iInterfaceElement="//@fbNetwork/@fBs.7/@interface/@inputVars.0" fbNetwork="//@fbNetwork">
      <mappedInterfaceElement href="SysConf.xml#//@children.0/@resourceContainerView/@resources.1/@uIResourceDiagram/@children.5/@interfaceElements.1"/>
    </interfaceElements>
    <interfaceElements iInterfaceElement="//@fbNetwork/@fBs.7/@interface/@inputVars.1" fbNetwork="//@fbNetwork">
      <mappedInterfaceElement href="SysConf.xml#//@children.0/@resourceContainerView/@resources.1/@uIResourceDiagram/@children.5/@interfaceElements.2"/>
    </interfaceElements>
    <interfaceElements iInterfaceElement="//@fbNetwork/@fBs.7/@interface/@eventOutputs.0" fbNetwork="//@fbNetwork">
      <mappedInterfaceElement href="SysConf.xml#//@children.0/@resourceContainerView/@resources.1/@uIResourceDiagram/@children.5/@interfaceElements.3"/>
    </interfaceElements>
    <interfaceElements iInterfaceElement="//@fbNetwork/@fBs.7/@interface/@eventOutputs.1" outConnections="//@connections.19" fbNetwork="//@fbNetwork">
      <mappedInterfaceElement href="SysConf.xml#//@children.0/@resourceContainerView/@resources.1/@uIResourceDiagram/@children.5/@interfaceElements.4"/>
    </interfaceElements>
    <interfaceElements iInterfaceElement="//@fbNetwork/@fBs.7/@interface/@outputVars.0" fbNetwork="//@fbNetwork">
      <mappedInterfaceElement href="SysConf.xml#//@children.0/@resourceContainerView/@resources.1/@uIResourceDiagram/@children.5/@interfaceElements.5"/>
    </interfaceElements>
    <mappedFB href="SysConf.xml#//@children.0/@resourceContainerView/@resources.1/@uIResourceDiagram/@children.5"/>
  </children>
  <children xsi:type="org.fordiac.ide.model.ui:FBView" fb="//@fbNetwork/@fBs.8">
    <position x="440" y="481"/>
    <backgroundColor red="255" green="255" blue="255"/>
    <interfaceElements iInterfaceElement="//@fbNetwork/@fBs.8/@interface/@inputVars.0" inConnections="//@connections.9" fbNetwork="//@fbNetwork">
      <mappedInterfaceElement href="SysConf.xml#//@children.2/@resourceContainerView/@resources.0/@uIResourceDiagram/@children.4/@interfaceElements.0"/>
    </interfaceElements>
    <mappedFB href="SysConf.xml#//@children.2/@resourceContainerView/@resources.0/@uIResourceDiagram/@children.4"/>
  </children>
  <children xsi:type="org.fordiac.ide.model.ui:FBView" fb="//@fbNetwork/@fBs.9">
    <position x="348" y="135"/>
    <backgroundColor red="255" green="255" blue="255"/>
    <interfaceElements iInterfaceElement="//@fbNetwork/@fBs.9/@interface/@inputVars.0" fbNetwork="//@fbNetwork">
      <mappedInterfaceElement href="SysConf.xml#//@children.2/@resourceContainerView/@resources.0/@uIResourceDiagram/@children.3/@interfaceElements.0"/>
    </interfaceElements>
    <interfaceElements iInterfaceElement="//@fbNetwork/@fBs.9/@interface/@inputVars.1" fbNetwork="//@fbNetwork">
      <mappedInterfaceElement href="SysConf.xml#//@children.2/@resourceContainerView/@resources.0/@uIResourceDiagram/@children.3/@interfaceElements.1"/>
    </interfaceElements>
    <interfaceElements iInterfaceElement="//@fbNetwork/@fBs.9/@interface/@inputVars.2" fbNetwork="//@fbNetwork">
      <mappedInterfaceElement href="SysConf.xml#//@children.2/@resourceContainerView/@resources.0/@uIResourceDiagram/@children.3/@interfaceElements.2"/>
    </interfaceElements>
    <interfaceElements iInterfaceElement="//@fbNetwork/@fBs.9/@interface/@inputVars.3" inConnections="//@connections.20" fbNetwork="//@fbNetwork">
      <mappedInterfaceElement href="SysConf.xml#//@children.2/@resourceContainerView/@resources.0/@uIResourceDiagram/@children.3/@interfaceElements.3"/>
    </interfaceElements>
    <interfaceElements iInterfaceElement="//@fbNetwork/@fBs.9/@interface/@eventOutputs.0" outConnections="//@connections.6 //@connections.7 //@connections.8" fbNetwork="//@fbNetwork">
      <mappedInterfaceElement href="SysConf.xml#//@children.2/@resourceContainerView/@resources.0/@uIResourceDiagram/@children.3/@interfaceElements.4"/>
    </interfaceElements>
    <interfaceElements iInterfaceElement="//@fbNetwork/@fBs.9/@interface/@outputVars.0" outConnections="//@connections.10" fbNetwork="//@fbNetwork">
      <mappedInterfaceElement href="SysConf.xml#//@children.2/@resourceContainerView/@resources.0/@uIResourceDiagram/@children.3/@interfaceElements.5"/>
    </interfaceElements>
    <interfaceElements iInterfaceElement="//@fbNetwork/@fBs.9/@interface/@outputVars.1" outConnections="//@connections.11" fbNetwork="//@fbNetwork">
      <mappedInterfaceElement href="SysConf.xml#//@children.2/@resourceContainerView/@resources.0/@uIResourceDiagram/@children.3/@interfaceElements.6"/>
    </interfaceElements>
    <interfaceElements iInterfaceElement="//@fbNetwork/@fBs.9/@interface/@outputVars.2" outConnections="//@connections.12" fbNetwork="//@fbNetwork">
      <mappedInterfaceElement href="SysConf.xml#//@children.2/@resourceContainerView/@resources.0/@uIResourceDiagram/@children.3/@interfaceElements.7"/>
    </interfaceElements>
    <interfaceElements iInterfaceElement="//@fbNetwork/@fBs.9/@interface/@outputVars.3" outConnections="//@connections.9" fbNetwork="//@fbNetwork">
      <mappedInterfaceElement href="SysConf.xml#//@children.2/@resourceContainerView/@resources.0/@uIResourceDiagram/@children.3/@interfaceElements.8"/>
    </interfaceElements>
    <mappedFB href="SysConf.xml#//@children.2/@resourceContainerView/@resources.0/@uIResourceDiagram/@children.3"/>
  </children>
  <children xsi:type="org.fordiac.ide.model.ui:FBView" fb="//@fbNetwork/@fBs.10">
    <position x="362" y="1023"/>
    <backgroundColor red="255" green="255" blue="255"/>
    <interfaceElements iInterfaceElement="//@fbNetwork/@fBs.10/@interface/@inputVars.0" inConnections="//@connections.21" fbNetwork="//@fbNetwork">
      <mappedInterfaceElement href="SysConf.xml#//@children.2/@resourceContainerView/@resources.0/@uIResourceDiagram/@children.2/@interfaceElements.0"/>
    </interfaceElements>
    <interfaceElements iInterfaceElement="//@fbNetwork/@fBs.10/@interface/@eventOutputs.0" outConnections="//@connections.13 //@connections.14" fbNetwork="//@fbNetwork">
      <mappedInterfaceElement href="SysConf.xml#//@children.2/@resourceContainerView/@resources.0/@uIResourceDiagram/@children.2/@interfaceElements.1"/>
    </interfaceElements>
    <interfaceElements iInterfaceElement="//@fbNetwork/@fBs.10/@interface/@outputVars.0" outConnections="//@connections.15" fbNetwork="//@fbNetwork">
      <mappedInterfaceElement href="SysConf.xml#//@children.2/@resourceContainerView/@resources.0/@uIResourceDiagram/@children.2/@interfaceElements.2"/>
    </interfaceElements>
    <interfaceElements iInterfaceElement="//@fbNetwork/@fBs.10/@interface/@outputVars.1" outConnections="//@connections.16" fbNetwork="//@fbNetwork">
      <mappedInterfaceElement href="SysConf.xml#//@children.2/@resourceContainerView/@resources.0/@uIResourceDiagram/@children.2/@interfaceElements.3"/>
    </interfaceElements>
    <mappedFB href="SysConf.xml#//@children.2/@resourceContainerView/@resources.0/@uIResourceDiagram/@children.2"/>
  </children>
  <children xsi:type="org.fordiac.ide.model.ui:FBView" fb="//@fbNetwork/@fBs.11">
    <position x="95" y="494"/>
    <backgroundColor red="255" green="255" blue="255"/>
    <interfaceElements iInterfaceElement="//@fbNetwork/@fBs.11/@interface/@inputVars.0" inConnections="//@connections.22" fbNetwork="//@fbNetwork">
      <mappedInterfaceElement href="SysConf.xml#//@children.2/@resourceContainerView/@resources.0/@uIResourceDiagram/@children.5/@interfaceElements.0"/>
    </interfaceElements>
    <mappedFB href="SysConf.xml#//@children.2/@resourceContainerView/@resources.0/@uIResourceDiagram/@children.5"/>
  </children>
  <children xsi:type="org.fordiac.ide.model.ui:FBView" fb="//@fbNetwork/@fBs.12">
    <position x="-342" y="19"/>
    <backgroundColor red="255" green="255" blue="255"/>
    <interfaceElements iInterfaceElement="//@fbNetwork/@fBs.12/@interface/@eventInputs.0" fbNetwork="//@fbNetwork">
      <mappedInterfaceElement href="SysConf.xml#//@children.1/@resourceContainerView/@resources.0/@uIResourceDiagram/@children.2/@interfaceElements.0"/>
    </interfaceElements>
    <interfaceElements iInterfaceElement="//@fbNetwork/@fBs.12/@interface/@inputVars.0" fbNetwork="//@fbNetwork">
      <mappedInterfaceElement href="SysConf.xml#//@children.1/@resourceContainerView/@resources.0/@uIResourceDiagram/@children.2/@interfaceElements.1"/>
    </interfaceElements>
    <interfaceElements iInterfaceElement="//@fbNetwork/@fBs.12/@interface/@inputVars.1" fbNetwork="//@fbNetwork">
      <mappedInterfaceElement href="SysConf.xml#//@children.1/@resourceContainerView/@resources.0/@uIResourceDiagram/@children.2/@interfaceElements.2"/>
    </interfaceElements>
    <interfaceElements iInterfaceElement="//@fbNetwork/@fBs.12/@interface/@eventOutputs.0" outConnections="//@connections.18" fbNetwork="//@fbNetwork">
      <mappedInterfaceElement href="SysConf.xml#//@children.1/@resourceContainerView/@resources.0/@uIResourceDiagram/@children.2/@interfaceElements.3"/>
    </interfaceElements>
    <interfaceElements iInterfaceElement="//@fbNetwork/@fBs.12/@interface/@eventOutputs.1" outConnections="//@connections.25" fbNetwork="//@fbNetwork">
      <mappedInterfaceElement href="SysConf.xml#//@children.1/@resourceContainerView/@resources.0/@uIResourceDiagram/@children.2/@interfaceElements.4"/>
    </interfaceElements>
    <interfaceElements iInterfaceElement="//@fbNetwork/@fBs.12/@interface/@outputVars.0" fbNetwork="//@fbNetwork">
      <mappedInterfaceElement href="SysConf.xml#//@children.1/@resourceContainerView/@resources.0/@uIResourceDiagram/@children.2/@interfaceElements.5"/>
    </interfaceElements>
    <mappedFB href="SysConf.xml#//@children.1/@resourceContainerView/@resources.0/@uIResourceDiagram/@children.2"/>
  </children>
  <children xsi:type="org.fordiac.ide.model.ui:FBView" fb="//@fbNetwork/@fBs.13">
    <position x="-342" y="247"/>
    <backgroundColor red="255" green="255" blue="255"/>
    <interfaceElements iInterfaceElement="//@fbNetwork/@fBs.13/@interface/@eventInputs.0" inConnections="//@connections.18" fbNetwork="//@fbNetwork">
      <mappedInterfaceElement href="SysConf.xml#//@children.1/@resourceContainerView/@resources.0/@uIResourceDiagram/@children.1/@interfaceElements.0"/>
    </interfaceElements>
    <interfaceElements iInterfaceElement="//@fbNetwork/@fBs.13/@interface/@inputVars.0" fbNetwork="//@fbNetwork">
      <mappedInterfaceElement href="SysConf.xml#//@children.1/@resourceContainerView/@resources.0/@uIResourceDiagram/@children.1/@interfaceElements.1"/>
    </interfaceElements>
    <interfaceElements iInterfaceElement="//@fbNetwork/@fBs.13/@interface/@inputVars.1" fbNetwork="//@fbNetwork">
      <mappedInterfaceElement href="SysConf.xml#//@children.1/@resourceContainerView/@resources.0/@uIResourceDiagram/@children.1/@interfaceElements.2"/>
    </interfaceElements>
    <interfaceElements iInterfaceElement="//@fbNetwork/@fBs.13/@interface/@eventOutputs.0" fbNetwork="//@fbNetwork">
      <mappedInterfaceElement href="SysConf.xml#//@children.1/@resourceContainerView/@resources.0/@uIResourceDiagram/@children.1/@interfaceElements.3"/>
    </interfaceElements>
    <interfaceElements iInterfaceElement="//@fbNetwork/@fBs.13/@interface/@eventOutputs.1" outConnections="//@connections.26" fbNetwork="//@fbNetwork">
      <mappedInterfaceElement href="SysConf.xml#//@children.1/@resourceContainerView/@resources.0/@uIResourceDiagram/@children.1/@interfaceElements.4"/>
    </interfaceElements>
    <interfaceElements iInterfaceElement="//@fbNetwork/@fBs.13/@interface/@outputVars.0" fbNetwork="//@fbNetwork">
      <mappedInterfaceElement href="SysConf.xml#//@children.1/@resourceContainerView/@resources.0/@uIResourceDiagram/@children.1/@interfaceElements.5"/>
    </interfaceElements>
    <mappedFB href="SysConf.xml#//@children.1/@resourceContainerView/@resources.0/@uIResourceDiagram/@children.1"/>
  </children>
  <children xsi:type="org.fordiac.ide.model.ui:FBView" fb="//@fbNetwork/@fBs.14">
    <position x="-19" y="228"/>
    <backgroundColor red="255" green="255" blue="255"/>
    <interfaceElements iInterfaceElement="//@fbNetwork/@fBs.14/@interface/@eventInputs.0" fbNetwork="//@fbNetwork">
      <mappedInterfaceElement href="SysConf.xml#//@children.2/@resourceContainerView/@resources.0/@uIResourceDiagram/@children.10/@interfaceElements.0"/>
    </interfaceElements>
    <interfaceElements iInterfaceElement="//@fbNetwork/@fBs.14/@interface/@eventInputs.1" inConnections="//@connections.23" fbNetwork="//@fbNetwork">
      <mappedInterfaceElement href="SysConf.xml#//@children.2/@resourceContainerView/@resources.0/@uIResourceDiagram/@children.10/@interfaceElements.1"/>
    </interfaceElements>
    <interfaceElements iInterfaceElement="//@fbNetwork/@fBs.14/@interface/@eventInputs.2" inConnections="//@connections.19" fbNetwork="//@fbNetwork">
      <mappedInterfaceElement href="SysConf.xml#//@children.2/@resourceContainerView/@resources.0/@uIResourceDiagram/@children.10/@interfaceElements.2"/>
    </interfaceElements>
    <interfaceElements iInterfaceElement="//@fbNetwork/@fBs.14/@interface/@inputVars.0" inConnections="//@connections.24" fbNetwork="//@fbNetwork">
      <mappedInterfaceElement href="SysConf.xml#//@children.2/@resourceContainerView/@resources.0/@uIResourceDiagram/@children.10/@interfaceElements.3"/>
    </interfaceElements>
    <interfaceElements iInterfaceElement="//@fbNetwork/@fBs.14/@interface/@inputVars.1" fbNetwork="//@fbNetwork">
      <mappedInterfaceElement href="SysConf.xml#//@children.2/@resourceContainerView/@resources.0/@uIResourceDiagram/@children.10/@interfaceElements.4"/>
    </interfaceElements>
    <interfaceElements iInterfaceElement="//@fbNetwork/@fBs.14/@interface/@inputVars.2" fbNetwork="//@fbNetwork">
      <mappedInterfaceElement href="SysConf.xml#//@children.2/@resourceContainerView/@resources.0/@uIResourceDiagram/@children.10/@interfaceElements.5"/>
    </interfaceElements>
    <interfaceElements iInterfaceElement="//@fbNetwork/@fBs.14/@interface/@inputVars.3" fbNetwork="//@fbNetwork">
      <mappedInterfaceElement href="SysConf.xml#//@children.2/@resourceContainerView/@resources.0/@uIResourceDiagram/@children.10/@interfaceElements.6"/>
    </interfaceElements>
    <interfaceElements iInterfaceElement="//@fbNetwork/@fBs.14/@interface/@eventOutputs.0" fbNetwork="//@fbNetwork">
      <mappedInterfaceElement href="SysConf.xml#//@children.2/@resourceContainerView/@resources.0/@uIResourceDiagram/@children.10/@interfaceElements.7"/>
    </interfaceElements>
    <interfaceElements iInterfaceElement="//@fbNetwork/@fBs.14/@interface/@eventOutputs.1" fbNetwork="//@fbNetwork">
      <mappedInterfaceElement href="SysConf.xml#//@children.2/@resourceContainerView/@resources.0/@uIResourceDiagram/@children.10/@interfaceElements.8"/>
    </interfaceElements>
    <interfaceElements iInterfaceElement="//@fbNetwork/@fBs.14/@interface/@outputVars.0" fbNetwork="//@fbNetwork">
      <mappedInterfaceElement href="SysConf.xml#//@children.2/@resourceContainerView/@resources.0/@uIResourceDiagram/@children.10/@interfaceElements.9"/>
    </interfaceElements>
    <interfaceElements iInterfaceElement="//@fbNetwork/@fBs.14/@interface/@outputVars.1" outConnections="//@connections.20" fbNetwork="//@fbNetwork">
      <mappedInterfaceElement href="SysConf.xml#//@children.2/@resourceContainerView/@resources.0/@uIResourceDiagram/@children.10/@interfaceElements.10"/>
    </interfaceElements>
    <interfaceElements iInterfaceElement="//@fbNetwork/@fBs.14/@interface/@outputVars.2" outConnections="//@connections.21" fbNetwork="//@fbNetwork">
      <mappedInterfaceElement href="SysConf.xml#//@children.2/@resourceContainerView/@resources.0/@uIResourceDiagram/@children.10/@interfaceElements.11"/>
    </interfaceElements>
    <interfaceElements iInterfaceElement="//@fbNetwork/@fBs.14/@interface/@outputVars.3" outConnections="//@connections.22" fbNetwork="//@fbNetwork">
      <mappedInterfaceElement href="SysConf.xml#//@children.2/@resourceContainerView/@resources.0/@uIResourceDiagram/@children.10/@interfaceElements.12"/>
    </interfaceElements>
    <mappedFB href="SysConf.xml#//@children.2/@resourceContainerView/@resources.0/@uIResourceDiagram/@children.10"/>
  </children>
  <children xsi:type="org.fordiac.ide.model.ui:FBView" fb="//@fbNetwork/@fBs.15">
    <position x="-152" y="95"/>
    <backgroundColor red="255" green="255" blue="255"/>
    <interfaceElements iInterfaceElement="//@fbNetwork/@fBs.15/@interface/@eventInputs.0" inConnections="//@connections.25" fbNetwork="//@fbNetwork">
      <mappedInterfaceElement href="SysConf.xml#//@children.2/@resourceContainerView/@resources.0/@uIResourceDiagram/@children.11/@interfaceElements.0"/>
    </interfaceElements>
    <interfaceElements iInterfaceElement="//@fbNetwork/@fBs.15/@interface/@eventInputs.1" inConnections="//@connections.26" fbNetwork="//@fbNetwork">
      <mappedInterfaceElement href="SysConf.xml#//@children.2/@resourceContainerView/@resources.0/@uIResourceDiagram/@children.11/@interfaceElements.1"/>
    </interfaceElements>
    <interfaceElements iInterfaceElement="//@fbNetwork/@fBs.15/@interface/@eventOutputs.0" outConnections="//@connections.23" fbNetwork="//@fbNetwork">
      <mappedInterfaceElement href="SysConf.xml#//@children.2/@resourceContainerView/@resources.0/@uIResourceDiagram/@children.11/@interfaceElements.2"/>
    </interfaceElements>
    <interfaceElements iInterfaceElement="//@fbNetwork/@fBs.15/@interface/@outputVars.0" outConnections="//@connections.24" fbNetwork="//@fbNetwork">
      <mappedInterfaceElement href="SysConf.xml#//@children.2/@resourceContainerView/@resources.0/@uIResourceDiagram/@children.11/@interfaceElements.3"/>
    </interfaceElements>
    <mappedFB href="SysConf.xml#//@children.2/@resourceContainerView/@resources.0/@uIResourceDiagram/@children.11"/>
  </children>
  <connections xsi:type="org.fordiac.ide.model.ui:ConnectionView" source="//@children.5/@interfaceElements.3" destination="//@children.0/@interfaceElements.0">
    <connectionElement xsi:type="libraryElement:EventConnection" href="SysConf.xml#//@systemConfigNetwork/@devices.0/@resource.0/@fBNetwork/@eventConnections.0"/>
  </connections>
  <connections xsi:type="org.fordiac.ide.model.ui:ConnectionView" source="//@children.0/@interfaceElements.7" destination="//@children.1/@interfaceElements.0">
    <connectionElement xsi:type="libraryElement:EventConnection" href="SysConf.xml#//@systemConfigNetwork/@devices.0/@resource.0/@fBNetwork/@eventConnections.1"/>
  </connections>
  <connections xsi:type="org.fordiac.ide.model.ui:ConnectionView" source="//@children.1/@interfaceElements.7" destination="//@children.2/@interfaceElements.0">
    <connectionElement xsi:type="libraryElement:EventConnection" href="SysConf.xml#//@systemConfigNetwork/@devices.0/@resource.0/@fBNetwork/@eventConnections.2"/>
  </connections>
  <connections xsi:type="org.fordiac.ide.model.ui:ConnectionView" source="//@children.6/@interfaceElements.3" destination="//@children.4/@interfaceElements.0">
    <connectionElement xsi:type="libraryElement:EventConnection" href="SysConf.xml#//@systemConfigNetwork/@devices.0/@resource.1/@fBNetwork/@eventConnections.0"/>
  </connections>
  <connections xsi:type="org.fordiac.ide.model.ui:ConnectionView" source="//@children.4/@interfaceElements.7" destination="//@children.3/@interfaceElements.0">
    <connectionElement xsi:type="libraryElement:EventConnection" href="SysConf.xml#//@systemConfigNetwork/@devices.0/@resource.1/@fBNetwork/@eventConnections.1"/>
  </connections>
  <connections xsi:type="org.fordiac.ide.model.ui:ConnectionView" source="//@children.3/@interfaceElements.7" destination="//@children.7/@interfaceElements.0">
    <connectionElement xsi:type="libraryElement:EventConnection" href="SysConf.xml#//@systemConfigNetwork/@devices.0/@resource.1/@fBNetwork/@eventConnections.6"/>
  </connections>
  <connections xsi:type="org.fordiac.ide.model.ui:ConnectionView" connectionElement="//@fbNetwork/@eventConnections.0" source="//@children.9/@interfaceElements.4" destination="//@children.0/@interfaceElements.1"/>
  <connections xsi:type="org.fordiac.ide.model.ui:ConnectionView" connectionElement="//@fbNetwork/@eventConnections.1" source="//@children.9/@interfaceElements.4" destination="//@children.1/@interfaceElements.1"/>
  <connections xsi:type="org.fordiac.ide.model.ui:ConnectionView" connectionElement="//@fbNetwork/@eventConnections.2" source="//@children.9/@interfaceElements.4" destination="//@children.2/@interfaceElements.1"/>
  <connections xsi:type="org.fordiac.ide.model.ui:ConnectionView" source="//@children.9/@interfaceElements.8" destination="//@children.8/@interfaceElements.0">
    <connectionElement xsi:type="libraryElement:DataConnection" href="SysConf.xml#//@systemConfigNetwork/@devices.2/@resource.0/@fBNetwork/@dataConnections.2"/>
  </connections>
  <connections xsi:type="org.fordiac.ide.model.ui:ConnectionView" connectionElement="//@fbNetwork/@dataConnections.0" source="//@children.9/@interfaceElements.5" destination="//@children.0/@interfaceElements.4"/>
  <connections xsi:type="org.fordiac.ide.model.ui:ConnectionView" connectionElement="//@fbNetwork/@dataConnections.1" source="//@children.9/@interfaceElements.6" destination="//@children.1/@interfaceElements.4"/>
  <connections xsi:type="org.fordiac.ide.model.ui:ConnectionView" connectionElement="//@fbNetwork/@dataConnections.2" source="//@children.9/@interfaceElements.7" destination="//@children.2/@interfaceElements.4"/>
  <connections xsi:type="org.fordiac.ide.model.ui:ConnectionView" connectionElement="//@fbNetwork/@eventConnections.3" source="//@children.10/@interfaceElements.1" destination="//@children.4/@interfaceElements.1"/>
  <connections xsi:type="org.fordiac.ide.model.ui:ConnectionView" connectionElement="//@fbNetwork/@eventConnections.4" source="//@children.10/@interfaceElements.1" destination="//@children.3/@interfaceElements.1"/>
  <connections xsi:type="org.fordiac.ide.model.ui:ConnectionView" connectionElement="//@fbNetwork/@dataConnections.3" source="//@children.10/@interfaceElements.2" destination="//@children.4/@interfaceElements.4"/>
  <connections xsi:type="org.fordiac.ide.model.ui:ConnectionView" connectionElement="//@fbNetwork/@dataConnections.4" source="//@children.10/@interfaceElements.3" destination="//@children.3/@interfaceElements.4"/>
  <connections xsi:type="org.fordiac.ide.model.ui:ConnectionView" connectionElement="//@fbNetwork/@eventConnections.5" source="//@children.2/@interfaceElements.7" destination="//@children.6/@interfaceElements.0"/>
  <connections xsi:type="org.fordiac.ide.model.ui:ConnectionView" source="//@children.12/@interfaceElements.3" destination="//@children.13/@interfaceElements.0">
    <connectionElement xsi:type="libraryElement:EventConnection" href="SysConf.xml#//@systemConfigNetwork/@devices.1/@resource.0/@fBNetwork/@eventConnections.0"/>
  </connections>
  <connections xsi:type="org.fordiac.ide.model.ui:ConnectionView" connectionElement="//@fbNetwork/@eventConnections.6" source="//@children.7/@interfaceElements.4" destination="//@children.14/@interfaceElements.2"/>
  <connections xsi:type="org.fordiac.ide.model.ui:ConnectionView" source="//@children.14/@interfaceElements.10" destination="//@children.9/@interfaceElements.3">
    <connectionElement xsi:type="libraryElement:DataConnection" href="SysConf.xml#//@systemConfigNetwork/@devices.2/@resource.0/@fBNetwork/@dataConnections.6"/>
  </connections>
  <connections xsi:type="org.fordiac.ide.model.ui:ConnectionView" source="//@children.14/@interfaceElements.11" destination="//@children.10/@interfaceElements.0">
    <connectionElement xsi:type="libraryElement:DataConnection" href="SysConf.xml#//@systemConfigNetwork/@devices.2/@resource.0/@fBNetwork/@dataConnections.7"/>
  </connections>
  <connections xsi:type="org.fordiac.ide.model.ui:ConnectionView" source="//@children.14/@interfaceElements.12" destination="//@children.11/@interfaceElements.0">
    <connectionElement xsi:type="libraryElement:DataConnection" href="SysConf.xml#//@systemConfigNetwork/@devices.2/@resource.0/@fBNetwork/@dataConnections.8"/>
  </connections>
  <connections xsi:type="org.fordiac.ide.model.ui:ConnectionView" source="//@children.15/@interfaceElements.2" destination="//@children.14/@interfaceElements.1">
    <connectionElement xsi:type="libraryElement:EventConnection" href="SysConf.xml#//@systemConfigNetwork/@devices.2/@resource.0/@fBNetwork/@eventConnections.7"/>
  </connections>
  <connections xsi:type="org.fordiac.ide.model.ui:ConnectionView" source="//@children.15/@interfaceElements.3" destination="//@children.14/@interfaceElements.3">
    <connectionElement xsi:type="libraryElement:DataConnection" href="SysConf.xml#//@systemConfigNetwork/@devices.2/@resource.0/@fBNetwork/@dataConnections.9"/>
  </connections>
  <connections xsi:type="org.fordiac.ide.model.ui:ConnectionView" connectionElement="//@fbNetwork/@eventConnections.7" source="//@children.12/@interfaceElements.4" destination="//@children.15/@interfaceElements.0"/>
  <connections xsi:type="org.fordiac.ide.model.ui:ConnectionView" connectionElement="//@fbNetwork/@eventConnections.8" source="//@children.13/@interfaceElements.4" destination="//@children.15/@interfaceElements.1"/>
  <fbNetwork>
    <fBs name="CarRed" comment="hjkhkhljg" identifier="true" id="_h0mvMAhwEeSLwp-WI82EYg" fbtPath="FBRT/hmi/OUT_BOOL.fbt">
      <interface>
        <eventInputs name="INIT" comment="Initialization" isInput="true">
          <with variables="//@fbNetwork/@fBs.0/@interface/@inputVars.0"/>
          <with variables="//@fbNetwork/@fBs.0/@interface/@inputVars.1"/>
          <with variables="//@fbNetwork/@fBs.0/@interface/@inputVars.2"/>
          <with variables="//@fbNetwork/@fBs.0/@interface/@inputVars.3"/>
          <with variables="//@fbNetwork/@fBs.0/@interface/@inputVars.4"/>
          <inputConnections href="SysConf.xml#//@systemConfigNetwork/@devices.0/@resource.0/@fBNetwork/@eventConnections.0"/>
        </eventInputs>
        <eventInputs name="REQ" comment="Request" isInput="true">
          <with variables="//@fbNetwork/@fBs.0/@interface/@inputVars.0"/>
          <with variables="//@fbNetwork/@fBs.0/@interface/@inputVars.2"/>
          <inputConnections href="SysConf.xml#//@systemConfigNetwork/@devices.0/@resource.0/@fBNetwork/@eventConnections.5"/>
          <inputConnections href="#//@fbNetwork/@eventConnections.0"/>
        </eventInputs>
        <eventOutputs name="INITO" comment="Initialization Confirm">
          <with variables="//@fbNetwork/@fBs.0/@interface/@outputVars.0"/>
          <outputConnections href="SysConf.xml#//@systemConfigNetwork/@devices.0/@resource.0/@fBNetwork/@eventConnections.1"/>
        </eventOutputs>
        <eventOutputs name="CNF" comment="Service Confirmation">
          <with variables="//@fbNetwork/@fBs.0/@interface/@outputVars.0"/>
        </eventOutputs>
        <inputVars name="QI" comment="Event qualifier" isInput="true" arraySize="-1" typeName="BOOL" withs="//@fbNetwork/@fBs.0/@interface/@eventInputs.0/@with.0 //@fbNetwork/@fBs.0/@interface/@eventInputs.1/@with.0">
          <value value="1"/>
          <varInitialization initialValue="true"/>
        </inputVars>
        <inputVars name="LABEL" comment="Label" isInput="true" arraySize="-1" typeName="WSTRING" withs="//@fbNetwork/@fBs.0/@interface/@eventInputs.0/@with.1">
          <value value=" "/>
        </inputVars>
        <inputVars name="IN" comment="Input value" isInput="true" arraySize="-1" typeName="BOOL" withs="//@fbNetwork/@fBs.0/@interface/@eventInputs.0/@with.2 //@fbNetwork/@fBs.0/@interface/@eventInputs.1/@with.1">
          <value/>
          <inputConnections href="SysConf.xml#//@systemConfigNetwork/@devices.0/@resource.0/@fBNetwork/@dataConnections.0"/>
          <inputConnections href="#//@fbNetwork/@dataConnections.0"/>
        </inputVars>
        <inputVars name="C0" comment="Color when IN=0" isInput="true" arraySize="-1" typeName="COLOR" withs="//@fbNetwork/@fBs.0/@interface/@eventInputs.0/@with.3">
          <value value="COLOR#black"/>
          <varInitialization initialValue="COLOR#white"/>
        </inputVars>
        <inputVars name="C1" comment="Color when IN=1" isInput="true" arraySize="-1" typeName="COLOR" withs="//@fbNetwork/@fBs.0/@interface/@eventInputs.0/@with.4">
          <value value="COLOR#red"/>
          <varInitialization initialValue="COLOR#green"/>
        </inputVars>
        <outputVars name="QO" comment="Event qualifier" arraySize="-1" typeName="BOOL" withs="//@fbNetwork/@fBs.0/@interface/@eventOutputs.0/@with.0 //@fbNetwork/@fBs.0/@interface/@eventOutputs.1/@with.0"/>
      </interface>
      <position x="885" y="48"/>
      <resource href="SysConf.xml#//@systemConfigNetwork/@devices.0/@resource.0/@fBNetwork"/>
    </fBs>
    <fBs name="CarYellow" identifier="true" id="_iPpFYAhwEeSLwp-WI82EYg" fbtPath="FBRT/hmi/OUT_BOOL.fbt">
      <interface>
        <eventInputs name="INIT" comment="Initialization" isInput="true">
          <with variables="//@fbNetwork/@fBs.1/@interface/@inputVars.0"/>
          <with variables="//@fbNetwork/@fBs.1/@interface/@inputVars.1"/>
          <with variables="//@fbNetwork/@fBs.1/@interface/@inputVars.2"/>
          <with variables="//@fbNetwork/@fBs.1/@interface/@inputVars.3"/>
          <with variables="//@fbNetwork/@fBs.1/@interface/@inputVars.4"/>
          <inputConnections href="SysConf.xml#//@systemConfigNetwork/@devices.0/@resource.0/@fBNetwork/@eventConnections.1"/>
        </eventInputs>
        <eventInputs name="REQ" comment="Request" isInput="true">
          <with variables="//@fbNetwork/@fBs.1/@interface/@inputVars.0"/>
          <with variables="//@fbNetwork/@fBs.1/@interface/@inputVars.2"/>
          <inputConnections href="SysConf.xml#//@systemConfigNetwork/@devices.0/@resource.0/@fBNetwork/@eventConnections.6"/>
          <inputConnections href="#//@fbNetwork/@eventConnections.1"/>
        </eventInputs>
        <eventOutputs name="INITO" comment="Initialization Confirm">
          <with variables="//@fbNetwork/@fBs.1/@interface/@outputVars.0"/>
          <outputConnections href="SysConf.xml#//@systemConfigNetwork/@devices.0/@resource.0/@fBNetwork/@eventConnections.2"/>
        </eventOutputs>
        <eventOutputs name="CNF" comment="Service Confirmation">
          <with variables="//@fbNetwork/@fBs.1/@interface/@outputVars.0"/>
        </eventOutputs>
        <inputVars name="QI" comment="Event qualifier" isInput="true" arraySize="-1" typeName="BOOL" withs="//@fbNetwork/@fBs.1/@interface/@eventInputs.0/@with.0 //@fbNetwork/@fBs.1/@interface/@eventInputs.1/@with.0">
          <value value="1"/>
          <varInitialization initialValue="true"/>
        </inputVars>
        <inputVars name="LABEL" comment="Label" isInput="true" arraySize="-1" typeName="WSTRING" withs="//@fbNetwork/@fBs.1/@interface/@eventInputs.0/@with.1">
          <value value=" "/>
        </inputVars>
        <inputVars name="IN" comment="Input value" isInput="true" arraySize="-1" typeName="BOOL" withs="//@fbNetwork/@fBs.1/@interface/@eventInputs.0/@with.2 //@fbNetwork/@fBs.1/@interface/@eventInputs.1/@with.1">
          <value/>
          <inputConnections href="SysConf.xml#//@systemConfigNetwork/@devices.0/@resource.0/@fBNetwork/@dataConnections.1"/>
          <inputConnections href="#//@fbNetwork/@dataConnections.1"/>
        </inputVars>
        <inputVars name="C0" comment="Color when IN=0" isInput="true" arraySize="-1" typeName="COLOR" withs="//@fbNetwork/@fBs.1/@interface/@eventInputs.0/@with.3">
          <value value="COLOR#black"/>
          <varInitialization initialValue="COLOR#white"/>
        </inputVars>
        <inputVars name="C1" comment="Color when IN=1" isInput="true" arraySize="-1" typeName="COLOR" withs="//@fbNetwork/@fBs.1/@interface/@eventInputs.0/@with.4">
          <value value="COLOR#yellow"/>
          <varInitialization initialValue="COLOR#green"/>
        </inputVars>
        <outputVars name="QO" comment="Event qualifier" arraySize="-1" typeName="BOOL" withs="//@fbNetwork/@fBs.1/@interface/@eventOutputs.0/@with.0 //@fbNetwork/@fBs.1/@interface/@eventOutputs.1/@with.0"/>
      </interface>
      <position x="895" y="305"/>
      <resource href="SysConf.xml#//@systemConfigNetwork/@devices.0/@resource.0/@fBNetwork"/>
    </fBs>
    <fBs name="CarGreen" identifier="true" id="_il6QUAhwEeSLwp-WI82EYg" fbtPath="FBRT/hmi/OUT_BOOL.fbt">
      <interface>
        <eventInputs name="INIT" comment="Initialization" isInput="true">
          <with variables="//@fbNetwork/@fBs.2/@interface/@inputVars.0"/>
          <with variables="//@fbNetwork/@fBs.2/@interface/@inputVars.1"/>
          <with variables="//@fbNetwork/@fBs.2/@interface/@inputVars.2"/>
          <with variables="//@fbNetwork/@fBs.2/@interface/@inputVars.3"/>
          <with variables="//@fbNetwork/@fBs.2/@interface/@inputVars.4"/>
          <inputConnections href="SysConf.xml#//@systemConfigNetwork/@devices.0/@resource.0/@fBNetwork/@eventConnections.2"/>
        </eventInputs>
        <eventInputs name="REQ" comment="Request" isInput="true">
          <with variables="//@fbNetwork/@fBs.2/@interface/@inputVars.0"/>
          <with variables="//@fbNetwork/@fBs.2/@interface/@inputVars.2"/>
          <inputConnections href="SysConf.xml#//@systemConfigNetwork/@devices.0/@resource.0/@fBNetwork/@eventConnections.7"/>
          <inputConnections href="#//@fbNetwork/@eventConnections.2"/>
        </eventInputs>
        <eventOutputs name="INITO" comment="Initialization Confirm" outputConnections="//@fbNetwork/@eventConnections.5">
          <with variables="//@fbNetwork/@fBs.2/@interface/@outputVars.0"/>
        </eventOutputs>
        <eventOutputs name="CNF" comment="Service Confirmation">
          <with variables="//@fbNetwork/@fBs.2/@interface/@outputVars.0"/>
        </eventOutputs>
        <inputVars name="QI" comment="Event qualifier" isInput="true" arraySize="-1" typeName="BOOL" withs="//@fbNetwork/@fBs.2/@interface/@eventInputs.0/@with.0 //@fbNetwork/@fBs.2/@interface/@eventInputs.1/@with.0">
          <value value="1"/>
          <varInitialization initialValue="true"/>
        </inputVars>
        <inputVars name="LABEL" comment="Label" isInput="true" arraySize="-1" typeName="WSTRING" withs="//@fbNetwork/@fBs.2/@interface/@eventInputs.0/@with.1">
          <value value=" "/>
        </inputVars>
        <inputVars name="IN" comment="Input value" isInput="true" arraySize="-1" typeName="BOOL" withs="//@fbNetwork/@fBs.2/@interface/@eventInputs.0/@with.2 //@fbNetwork/@fBs.2/@interface/@eventInputs.1/@with.1">
          <value/>
          <inputConnections href="SysConf.xml#//@systemConfigNetwork/@devices.0/@resource.0/@fBNetwork/@dataConnections.2"/>
          <inputConnections href="#//@fbNetwork/@dataConnections.2"/>
        </inputVars>
        <inputVars name="C0" comment="Color when IN=0" isInput="true" arraySize="-1" typeName="COLOR" withs="//@fbNetwork/@fBs.2/@interface/@eventInputs.0/@with.3">
          <value value="COLOR#black"/>
          <varInitialization initialValue="COLOR#white"/>
        </inputVars>
        <inputVars name="C1" comment="Color when IN=1" isInput="true" arraySize="-1" typeName="COLOR" withs="//@fbNetwork/@fBs.2/@interface/@eventInputs.0/@with.4">
          <value value="COLOR#green"/>
          <varInitialization initialValue="COLOR#green"/>
        </inputVars>
        <outputVars name="QO" comment="Event qualifier" arraySize="-1" typeName="BOOL" withs="//@fbNetwork/@fBs.2/@interface/@eventOutputs.0/@with.0 //@fbNetwork/@fBs.2/@interface/@eventOutputs.1/@with.0"/>
      </interface>
      <position x="921" y="578"/>
      <resource href="SysConf.xml#//@systemConfigNetwork/@devices.0/@resource.0/@fBNetwork"/>
    </fBs>
    <fBs name="PedGreen" identifier="true" id="_xANWsAhwEeSLwp-WI82EYg" fbtPath="FBRT/hmi/OUT_BOOL.fbt">
      <interface>
        <eventInputs name="INIT" comment="Initialization" isInput="true">
          <with variables="//@fbNetwork/@fBs.3/@interface/@inputVars.0"/>
          <with variables="//@fbNetwork/@fBs.3/@interface/@inputVars.1"/>
          <with variables="//@fbNetwork/@fBs.3/@interface/@inputVars.2"/>
          <with variables="//@fbNetwork/@fBs.3/@interface/@inputVars.3"/>
          <with variables="//@fbNetwork/@fBs.3/@interface/@inputVars.4"/>
          <inputConnections href="SysConf.xml#//@systemConfigNetwork/@devices.0/@resource.1/@fBNetwork/@eventConnections.1"/>
        </eventInputs>
        <eventInputs name="REQ" comment="Request" isInput="true">
          <with variables="//@fbNetwork/@fBs.3/@interface/@inputVars.0"/>
          <with variables="//@fbNetwork/@fBs.3/@interface/@inputVars.2"/>
          <inputConnections href="SysConf.xml#//@systemConfigNetwork/@devices.0/@resource.1/@fBNetwork/@eventConnections.3"/>
          <inputConnections href="#//@fbNetwork/@eventConnections.4"/>
        </eventInputs>
        <eventOutputs name="INITO" comment="Initialization Confirm">
          <with variables="//@fbNetwork/@fBs.3/@interface/@outputVars.0"/>
          <outputConnections href="SysConf.xml#//@systemConfigNetwork/@devices.0/@resource.1/@fBNetwork/@eventConnections.6"/>
        </eventOutputs>
        <eventOutputs name="CNF" comment="Service Confirmation">
          <with variables="//@fbNetwork/@fBs.3/@interface/@outputVars.0"/>
        </eventOutputs>
        <inputVars name="QI" comment="Event qualifier" isInput="true" arraySize="-1" typeName="BOOL" withs="//@fbNetwork/@fBs.3/@interface/@eventInputs.0/@with.0 //@fbNetwork/@fBs.3/@interface/@eventInputs.1/@with.0">
          <value value="1"/>
          <varInitialization initialValue="true"/>
        </inputVars>
        <inputVars name="LABEL" comment="Label" isInput="true" arraySize="-1" typeName="WSTRING" withs="//@fbNetwork/@fBs.3/@interface/@eventInputs.0/@with.1">
          <value value=" "/>
        </inputVars>
        <inputVars name="IN" comment="Input value" isInput="true" arraySize="-1" typeName="BOOL" withs="//@fbNetwork/@fBs.3/@interface/@eventInputs.0/@with.2 //@fbNetwork/@fBs.3/@interface/@eventInputs.1/@with.1">
          <value/>
          <inputConnections href="SysConf.xml#//@systemConfigNetwork/@devices.0/@resource.1/@fBNetwork/@dataConnections.1"/>
          <inputConnections href="#//@fbNetwork/@dataConnections.4"/>
        </inputVars>
        <inputVars name="C0" comment="Color when IN=0" isInput="true" arraySize="-1" typeName="COLOR" withs="//@fbNetwork/@fBs.3/@interface/@eventInputs.0/@with.3">
          <value value="COLOR#black"/>
          <varInitialization initialValue="COLOR#white"/>
        </inputVars>
        <inputVars name="C1" comment="Color when IN=1" isInput="true" arraySize="-1" typeName="COLOR" withs="//@fbNetwork/@fBs.3/@interface/@eventInputs.0/@with.4">
          <value value="COLOR#green"/>
          <varInitialization initialValue="COLOR#green"/>
        </inputVars>
        <outputVars name="QO" comment="Event qualifier" arraySize="-1" typeName="BOOL" withs="//@fbNetwork/@fBs.3/@interface/@eventOutputs.0/@with.0 //@fbNetwork/@fBs.3/@interface/@eventOutputs.1/@with.0"/>
      </interface>
      <position x="913" y="571"/>
      <resource href="SysConf.xml#//@systemConfigNetwork/@devices.0/@resource.1/@fBNetwork"/>
    </fBs>
    <fBs name="PedRed" identifier="true" id="_xAXuwAhwEeSLwp-WI82EYg" fbtPath="FBRT/hmi/OUT_BOOL.fbt">
      <interface>
        <eventInputs name="INIT" comment="Initialization" isInput="true">
          <with variables="//@fbNetwork/@fBs.4/@interface/@inputVars.0"/>
          <with variables="//@fbNetwork/@fBs.4/@interface/@inputVars.1"/>
          <with variables="//@fbNetwork/@fBs.4/@interface/@inputVars.2"/>
          <with variables="//@fbNetwork/@fBs.4/@interface/@inputVars.3"/>
          <with variables="//@fbNetwork/@fBs.4/@interface/@inputVars.4"/>
          <inputConnections href="SysConf.xml#//@systemConfigNetwork/@devices.0/@resource.1/@fBNetwork/@eventConnections.0"/>
        </eventInputs>
        <eventInputs name="REQ" comment="Request" isInput="true">
          <with variables="//@fbNetwork/@fBs.4/@interface/@inputVars.0"/>
          <with variables="//@fbNetwork/@fBs.4/@interface/@inputVars.2"/>
          <inputConnections href="SysConf.xml#//@systemConfigNetwork/@devices.0/@resource.1/@fBNetwork/@eventConnections.2"/>
          <inputConnections href="#//@fbNetwork/@eventConnections.3"/>
        </eventInputs>
        <eventOutputs name="INITO" comment="Initialization Confirm">
          <with variables="//@fbNetwork/@fBs.4/@interface/@outputVars.0"/>
          <outputConnections href="SysConf.xml#//@systemConfigNetwork/@devices.0/@resource.1/@fBNetwork/@eventConnections.1"/>
        </eventOutputs>
        <eventOutputs name="CNF" comment="Service Confirmation">
          <with variables="//@fbNetwork/@fBs.4/@interface/@outputVars.0"/>
        </eventOutputs>
        <inputVars name="QI" comment="Event qualifier" isInput="true" arraySize="-1" typeName="BOOL" withs="//@fbNetwork/@fBs.4/@interface/@eventInputs.0/@with.0 //@fbNetwork/@fBs.4/@interface/@eventInputs.1/@with.0">
          <value value="1"/>
          <varInitialization initialValue="true"/>
        </inputVars>
        <inputVars name="LABEL" comment="Label" isInput="true" arraySize="-1" typeName="WSTRING" withs="//@fbNetwork/@fBs.4/@interface/@eventInputs.0/@with.1">
          <value value=" "/>
        </inputVars>
        <inputVars name="IN" comment="Input value" isInput="true" arraySize="-1" typeName="BOOL" withs="//@fbNetwork/@fBs.4/@interface/@eventInputs.0/@with.2 //@fbNetwork/@fBs.4/@interface/@eventInputs.1/@with.1">
          <value/>
          <inputConnections href="SysConf.xml#//@systemConfigNetwork/@devices.0/@resource.1/@fBNetwork/@dataConnections.0"/>
          <inputConnections href="#//@fbNetwork/@dataConnections.3"/>
        </inputVars>
        <inputVars name="C0" comment="Color when IN=0" isInput="true" arraySize="-1" typeName="COLOR" withs="//@fbNetwork/@fBs.4/@interface/@eventInputs.0/@with.3">
          <value value="COLOR#black"/>
          <varInitialization initialValue="COLOR#white"/>
        </inputVars>
        <inputVars name="C1" comment="Color when IN=1" isInput="true" arraySize="-1" typeName="COLOR" withs="//@fbNetwork/@fBs.4/@interface/@eventInputs.0/@with.4">
          <value value="COLOR#red"/>
          <varInitialization initialValue="COLOR#green"/>
        </inputVars>
        <outputVars name="QO" comment="Event qualifier" arraySize="-1" typeName="BOOL" withs="//@fbNetwork/@fBs.4/@interface/@eventOutputs.0/@with.0 //@fbNetwork/@fBs.4/@interface/@eventOutputs.1/@with.0"/>
      </interface>
      <position x="905" y="68"/>
      <resource href="SysConf.xml#//@systemConfigNetwork/@devices.0/@resource.1/@fBNetwork"/>
    </fBs>
    <fBs name="FB_LABEL" identifier="true" id="_RFEaUAhxEeSLwp-WI82EYg" fbtPath="FBRT/hmi/FB_LABEL.fbt">
      <interface>
        <eventInputs name="INIT" comment="Service Initialization" isInput="true">
          <with variables="//@fbNetwork/@fBs.5/@interface/@inputVars.0"/>
          <with variables="//@fbNetwork/@fBs.5/@interface/@inputVars.1"/>
          <inputConnections href="SysConf.xml#//@systemConfigNetwork/@devices.0/@resource.0/@fBNetwork/@eventConnections.4"/>
        </eventInputs>
        <eventOutputs name="INITO" comment="Initialization Confirm">
          <with variables="//@fbNetwork/@fBs.5/@interface/@outputVars.0"/>
          <outputConnections href="SysConf.xml#//@systemConfigNetwork/@devices.0/@resource.0/@fBNetwork/@eventConnections.0"/>
        </eventOutputs>
        <inputVars name="QI" isInput="true" arraySize="-1" typeName="BOOL" withs="//@fbNetwork/@fBs.5/@interface/@eventInputs.0/@with.0">
          <value value="1"/>
          <varInitialization initialValue="true"/>
        </inputVars>
        <inputVars name="LABEL" comment="Label" isInput="true" arraySize="-1" typeName="WSTRING" withs="//@fbNetwork/@fBs.5/@interface/@eventInputs.0/@with.1">
          <value value="Car Light:"/>
        </inputVars>
        <outputVars name="QO" arraySize="-1" typeName="BOOL" withs="//@fbNetwork/@fBs.5/@interface/@eventOutputs.0/@with.0"/>
      </interface>
      <position x="584" y="10"/>
      <resource href="SysConf.xml#//@systemConfigNetwork/@devices.0/@resource.0/@fBNetwork"/>
    </fBs>
    <fBs name="FB_LABEL_0" identifier="true" id="_ViMs8AhxEeSLwp-WI82EYg" fbtPath="FBRT/hmi/FB_LABEL.fbt">
      <interface>
        <eventInputs name="INIT" comment="Service Initialization" isInput="true">
          <with variables="//@fbNetwork/@fBs.6/@interface/@inputVars.0"/>
          <with variables="//@fbNetwork/@fBs.6/@interface/@inputVars.1"/>
          <inputConnections href="SysConf.xml#//@systemConfigNetwork/@devices.0/@resource.1/@fBNetwork/@eventConnections.4"/>
          <inputConnections href="#//@fbNetwork/@eventConnections.5"/>
        </eventInputs>
        <eventOutputs name="INITO" comment="Initialization Confirm">
          <with variables="//@fbNetwork/@fBs.6/@interface/@outputVars.0"/>
          <outputConnections href="SysConf.xml#//@systemConfigNetwork/@devices.0/@resource.1/@fBNetwork/@eventConnections.0"/>
        </eventOutputs>
        <inputVars name="QI" isInput="true" arraySize="-1" typeName="BOOL" withs="//@fbNetwork/@fBs.6/@interface/@eventInputs.0/@with.0">
          <value value="1"/>
          <varInitialization initialValue="true"/>
        </inputVars>
        <inputVars name="LABEL" comment="Label" isInput="true" arraySize="-1" typeName="WSTRING" withs="//@fbNetwork/@fBs.6/@interface/@eventInputs.0/@with.1">
          <value value="Pedestrian Light:"/>
        </inputVars>
        <outputVars name="QO" arraySize="-1" typeName="BOOL" withs="//@fbNetwork/@fBs.6/@interface/@eventOutputs.0/@with.0"/>
      </interface>
      <position x="604" y="30"/>
      <resource href="SysConf.xml#//@systemConfigNetwork/@devices.0/@resource.1/@fBNetwork"/>
    </fBs>
    <fBs name="IN_EVENT" identifier="true" id="_ldqZMAhzEeSLwp-WI82EYg" fbtPath="FBRT/hmi/IN_EVENT.fbt">
      <interface>
        <eventInputs name="INIT" comment="Service Initialization" isInput="true">
          <with variables="//@fbNetwork/@fBs.7/@interface/@inputVars.0"/>
          <with variables="//@fbNetwork/@fBs.7/@interface/@inputVars.1"/>
          <inputConnections href="SysConf.xml#//@systemConfigNetwork/@devices.0/@resource.1/@fBNetwork/@eventConnections.6"/>
        </eventInputs>
        <eventOutputs name="INITO" comment="Initialization Confirm">
          <with variables="//@fbNetwork/@fBs.7/@interface/@outputVars.0"/>
        </eventOutputs>
        <eventOutputs name="IND" comment="Event Indication" outputConnections="//@fbNetwork/@eventConnections.6">
          <with variables="//@fbNetwork/@fBs.7/@interface/@outputVars.0"/>
        </eventOutputs>
        <inputVars name="QI" isInput="true" arraySize="-1" typeName="BOOL" withs="//@fbNetwork/@fBs.7/@interface/@eventInputs.0/@with.0">
          <value value="1"/>
          <varInitialization initialValue="true"/>
        </inputVars>
        <inputVars name="LABEL" comment="Label" isInput="true" arraySize="-1" typeName="WSTRING" withs="//@fbNetwork/@fBs.7/@interface/@eventInputs.0/@with.1">
          <value value="Request"/>
        </inputVars>
        <outputVars name="QO" arraySize="-1" typeName="BOOL" withs="//@fbNetwork/@fBs.7/@interface/@eventOutputs.0/@with.0 //@fbNetwork/@fBs.7/@interface/@eventOutputs.1/@with.0"/>
      </interface>
      <position x="580" y="1194"/>
      <resource href="SysConf.xml#//@systemConfigNetwork/@devices.0/@resource.1/@fBNetwork"/>
    </fBs>
    <fBs name="E_TimeOut" identifier="true" id="_P2s98AkaEeSXepl1pZ2U7w" fbtPath="events/E_TimeOut.fbt">
      <interface sockets="//@fbNetwork/@fBs.8/@interface/@inputVars.0">
        <inputVars xsi:type="libraryElement:AdapterDeclaration" name="TimeOutSocket" isInput="true" typeName="ATimeOut">
          <value/>
          <inputConnections href="SysConf.xml#//@systemConfigNetwork/@devices.2/@resource.0/@fBNetwork/@dataConnections.2"/>
        </inputVars>
      </interface>
      <position x="440" y="481"/>
      <resource href="SysConf.xml#//@systemConfigNetwork/@devices.2/@resource.0/@fBNetwork"/>
    </fBs>
    <fBs name="CarLightCtl" identifier="true" id="_IIDQMAkaEeSXepl1pZ2U7w" fbtPath="TraficLight/CarLightCtl.fbt">
      <interface plugs="//@fbNetwork/@fBs.9/@interface/@outputVars.3" sockets="//@fbNetwork/@fBs.9/@interface/@inputVars.3">
        <eventOutputs name="UpdateLights" comment="">
          <with variables="//@fbNetwork/@fBs.9/@interface/@outputVars.2"/>
          <with variables="//@fbNetwork/@fBs.9/@interface/@outputVars.0"/>
          <with variables="//@fbNetwork/@fBs.9/@interface/@outputVars.1"/>
          <outputConnections href="#//@fbNetwork/@eventConnections.0"/>
          <outputConnections href="#//@fbNetwork/@eventConnections.1"/>
          <outputConnections href="#//@fbNetwork/@eventConnections.2"/>
          <outputConnections href="SysConf.xml#//@systemConfigNetwork/@devices.2/@resource.0/@fBNetwork/@eventConnections.1"/>
        </eventOutputs>
        <inputVars name="yellowBlinkTime" comment="Cycle time for the yellow light blinking in out of service" isInput="true" arraySize="-1" typeName="TIME">
          <value value="T#500ms"/>
        </inputVars>
        <inputVars name="yellowOnTime" comment="Time the yellow light is on when switching from red to green" isInput="true" arraySize="-1" typeName="TIME">
          <value value="T#3s"/>
        </inputVars>
        <inputVars name="yellowOffTime" comment="Time the yellow light is on when swithcing from green to red" isInput="true" arraySize="-1" typeName="TIME">
          <value value="T#7s"/>
        </inputVars>
        <inputVars xsi:type="libraryElement:AdapterDeclaration" name="traficLight" comment="" isInput="true" typeName="ATraficLight">
          <inputConnections href="SysConf.xml#//@systemConfigNetwork/@devices.2/@resource.0/@fBNetwork/@dataConnections.6"/>
        </inputVars>
        <outputVars name="red" arraySize="-1" typeName="BOOL" withs="//@fbNetwork/@fBs.9/@interface/@eventOutputs.0/@with.1">
          <outputConnections href="#//@fbNetwork/@dataConnections.0"/>
          <outputConnections href="SysConf.xml#//@systemConfigNetwork/@devices.2/@resource.0/@fBNetwork/@dataConnections.3"/>
        </outputVars>
        <outputVars name="yellow" arraySize="-1" typeName="BOOL" withs="//@fbNetwork/@fBs.9/@interface/@eventOutputs.0/@with.2">
          <outputConnections href="#//@fbNetwork/@dataConnections.1"/>
          <outputConnections href="SysConf.xml#//@systemConfigNetwork/@devices.2/@resource.0/@fBNetwork/@dataConnections.4"/>
        </outputVars>
        <outputVars name="green" comment="" arraySize="-1" typeName="BOOL" withs="//@fbNetwork/@fBs.9/@interface/@eventOutputs.0/@with.0">
          <outputConnections href="#//@fbNetwork/@dataConnections.2"/>
          <outputConnections href="SysConf.xml#//@systemConfigNetwork/@devices.2/@resource.0/@fBNetwork/@dataConnections.5"/>
          <varInitialization/>
        </outputVars>
        <outputVars xsi:type="libraryElement:AdapterDeclaration" name="timeOut" typeName="ATimeOut">
          <outputConnections href="SysConf.xml#//@systemConfigNetwork/@devices.2/@resource.0/@fBNetwork/@dataConnections.2"/>
        </outputVars>
      </interface>
      <position x="348" y="135"/>
      <resource href="SysConf.xml#//@systemConfigNetwork/@devices.2/@resource.0/@fBNetwork"/>
    </fBs>
    <fBs name="PedLightCtl" identifier="true" id="_wU_ogAkKEeSXepl1pZ2U7w" fbtPath="TraficLight/PedLightCtl.fbt">
      <interface sockets="//@fbNetwork/@fBs.10/@interface/@inputVars.0">
        <eventOutputs name="UpdateLights" comment="">
          <with variables="//@fbNetwork/@fBs.10/@interface/@outputVars.1"/>
          <with variables="//@fbNetwork/@fBs.10/@interface/@outputVars.0"/>
          <outputConnections href="#//@fbNetwork/@eventConnections.3"/>
          <outputConnections href="#//@fbNetwork/@eventConnections.4"/>
          <outputConnections href="SysConf.xml#//@systemConfigNetwork/@devices.2/@resource.0/@fBNetwork/@eventConnections.0"/>
        </eventOutputs>
        <inputVars xsi:type="libraryElement:AdapterDeclaration" name="traficLight" isInput="true" typeName="ATraficLight">
          <inputConnections href="SysConf.xml#//@systemConfigNetwork/@devices.2/@resource.0/@fBNetwork/@dataConnections.7"/>
        </inputVars>
        <outputVars name="red" comment="" arraySize="-1" typeName="BOOL" withs="//@fbNetwork/@fBs.10/@interface/@eventOutputs.0/@with.1">
          <outputConnections href="#//@fbNetwork/@dataConnections.3"/>
          <outputConnections href="SysConf.xml#//@systemConfigNetwork/@devices.2/@resource.0/@fBNetwork/@dataConnections.0"/>
          <varInitialization/>
        </outputVars>
        <outputVars name="green" comment="" arraySize="-1" typeName="BOOL" withs="//@fbNetwork/@fBs.10/@interface/@eventOutputs.0/@with.0">
          <outputConnections href="#//@fbNetwork/@dataConnections.4"/>
          <outputConnections href="SysConf.xml#//@systemConfigNetwork/@devices.2/@resource.0/@fBNetwork/@dataConnections.1"/>
          <varInitialization/>
        </outputVars>
      </interface>
      <position x="362" y="1023"/>
      <resource href="SysConf.xml#//@systemConfigNetwork/@devices.2/@resource.0/@fBNetwork"/>
    </fBs>
    <fBs name="E_TimeOut_0" identifier="true" id="_Q9KSgAtFEeSqmY69kkx2xA" fbtPath="events/E_TimeOut.fbt">
      <interface sockets="//@fbNetwork/@fBs.11/@interface/@inputVars.0">
        <inputVars xsi:type="libraryElement:AdapterDeclaration" name="TimeOutSocket" isInput="true" typeName="ATimeOut">
          <value/>
          <inputConnections href="SysConf.xml#//@systemConfigNetwork/@devices.2/@resource.0/@fBNetwork/@dataConnections.8"/>
        </inputVars>
      </interface>
      <position x="323" y="476"/>
      <resource href="SysConf.xml#//@systemConfigNetwork/@devices.2/@resource.0/@fBNetwork"/>
    </fBs>
    <fBs name="IN_EVENT_0" identifier="true" id="_7WyVEAtGEeSaNshXTZcpXw" fbtPath="FBRT/hmi/IN_EVENT.fbt">
      <interface>
        <eventInputs name="INIT" comment="Service Initialization" isInput="true">
          <with variables="//@fbNetwork/@fBs.12/@interface/@inputVars.0"/>
          <with variables="//@fbNetwork/@fBs.12/@interface/@inputVars.1"/>
          <inputConnections href="SysConf.xml#//@systemConfigNetwork/@devices.1/@resource.0/@fBNetwork/@eventConnections.3"/>
        </eventInputs>
        <eventOutputs name="INITO" comment="Initialization Confirm">
          <with variables="//@fbNetwork/@fBs.12/@interface/@outputVars.0"/>
          <outputConnections href="SysConf.xml#//@systemConfigNetwork/@devices.1/@resource.0/@fBNetwork/@eventConnections.0"/>
        </eventOutputs>
        <eventOutputs name="IND" comment="Event Indication">
          <with variables="//@fbNetwork/@fBs.12/@interface/@outputVars.0"/>
          <outputConnections href="SysConf.xml#//@systemConfigNetwork/@devices.1/@resource.0/@fBNetwork/@eventConnections.5"/>
          <outputConnections href="#//@fbNetwork/@eventConnections.7"/>
        </eventOutputs>
        <inputVars name="QI" isInput="true" arraySize="-1" typeName="BOOL" withs="//@fbNetwork/@fBs.12/@interface/@eventInputs.0/@with.0">
          <value value="1"/>
          <varInitialization initialValue="true"/>
        </inputVars>
        <inputVars name="LABEL" comment="Label" isInput="true" arraySize="-1" typeName="WSTRING" withs="//@fbNetwork/@fBs.12/@interface/@eventInputs.0/@with.1">
          <value value="Enable"/>
        </inputVars>
        <outputVars name="QO" arraySize="-1" typeName="BOOL" withs="//@fbNetwork/@fBs.12/@interface/@eventOutputs.0/@with.0 //@fbNetwork/@fBs.12/@interface/@eventOutputs.1/@with.0"/>
      </interface>
      <position x="-20" y="-39"/>
      <resource href="SysConf.xml#//@systemConfigNetwork/@devices.1/@resource.0/@fBNetwork"/>
    </fBs>
    <fBs name="IN_EVENT_1" identifier="true" id="_7yv4UAtGEeSaNshXTZcpXw" fbtPath="FBRT/hmi/IN_EVENT.fbt">
      <interface>
        <eventInputs name="INIT" comment="Service Initialization" isInput="true">
          <with variables="//@fbNetwork/@fBs.13/@interface/@inputVars.0"/>
          <with variables="//@fbNetwork/@fBs.13/@interface/@inputVars.1"/>
          <inputConnections href="SysConf.xml#//@systemConfigNetwork/@devices.1/@resource.0/@fBNetwork/@eventConnections.0"/>
        </eventInputs>
        <eventOutputs name="INITO" comment="Initialization Confirm">
          <with variables="//@fbNetwork/@fBs.13/@interface/@outputVars.0"/>
        </eventOutputs>
        <eventOutputs name="IND" comment="Event Indication">
          <with variables="//@fbNetwork/@fBs.13/@interface/@outputVars.0"/>
          <outputConnections href="SysConf.xml#//@systemConfigNetwork/@devices.1/@resource.0/@fBNetwork/@eventConnections.4"/>
          <outputConnections href="#//@fbNetwork/@eventConnections.8"/>
        </eventOutputs>
        <inputVars name="QI" isInput="true" arraySize="-1" typeName="BOOL" withs="//@fbNetwork/@fBs.13/@interface/@eventInputs.0/@with.0">
          <value value="1"/>
          <varInitialization initialValue="true"/>
        </inputVars>
        <inputVars name="LABEL" comment="Label" isInput="true" arraySize="-1" typeName="WSTRING" withs="//@fbNetwork/@fBs.13/@interface/@eventInputs.0/@with.1">
          <value value="Disable"/>
        </inputVars>
        <outputVars name="QO" arraySize="-1" typeName="BOOL" withs="//@fbNetwork/@fBs.13/@interface/@eventOutputs.0/@with.0 //@fbNetwork/@fBs.13/@interface/@eventOutputs.1/@with.0"/>
      </interface>
      <position x="221" y="13"/>
      <resource href="SysConf.xml#//@systemConfigNetwork/@devices.1/@resource.0/@fBNetwork"/>
    </fBs>
    <fBs name="PedCrossingCtl" identifier="true" id="_NXfzYAtFEeSqmY69kkx2xA" fbtPath="TraficLight/PedCrossingCtl.fbt">
      <interface plugs="//@fbNetwork/@fBs.14/@interface/@outputVars.1 //@fbNetwork/@fBs.14/@interface/@outputVars.2 //@fbNetwork/@fBs.14/@interface/@outputVars.3">
        <eventInputs name="INIT" comment="Initialization Request" isInput="true">
          <inputConnections href="SysConf.xml#//@systemConfigNetwork/@devices.2/@resource.0/@fBNetwork/@eventConnections.11"/>
        </eventInputs>
        <eventInputs name="UpdateEnabled" isInput="true">
          <with variables="//@fbNetwork/@fBs.14/@interface/@inputVars.0"/>
          <inputConnections href="SysConf.xml#//@systemConfigNetwork/@devices.2/@resource.0/@fBNetwork/@eventConnections.7"/>
        </eventInputs>
        <eventInputs name="PedRequest" isInput="true">
          <inputConnections href="#//@fbNetwork/@eventConnections.6"/>
          <inputConnections href="SysConf.xml#//@systemConfigNetwork/@devices.2/@resource.0/@fBNetwork/@eventConnections.10"/>
        </eventInputs>
        <eventOutputs name="INITO"/>
        <eventOutputs name="UpdatePedReq">
          <with variables="//@fbNetwork/@fBs.14/@interface/@outputVars.0"/>
        </eventOutputs>
        <inputVars name="enabled" comment="determines if this crossing is enabled, if currently the pedestrian walk is green the pedestrian cycle will be finished before a full disable of the crossing is performed" isInput="true" typeName="BOOL" withs="//@fbNetwork/@fBs.14/@interface/@eventInputs.1/@with.0">
          <inputConnections href="SysConf.xml#//@systemConfigNetwork/@devices.2/@resource.0/@fBNetwork/@dataConnections.9"/>
        </inputVars>
        <inputVars name="PedRequestDelay" isInput="true" arraySize="-1" typeName="TIME">
          <value value="T#15s"/>
        </inputVars>
        <inputVars name="PedOnTime" isInput="true" arraySize="-1" typeName="TIME">
          <value value="T#20s"/>
        </inputVars>
        <inputVars name="PedCarInterleave" comment="" isInput="true" arraySize="-1" typeName="TIME">
          <value value="T#500ms"/>
        </inputVars>
        <outputVars name="pedRequestPending" arraySize="-1" typeName="BOOL" withs="//@fbNetwork/@fBs.14/@interface/@eventOutputs.1/@with.0"/>
        <outputVars xsi:type="libraryElement:AdapterDeclaration" name="CarLight" typeName="ATraficLight">
          <outputConnections href="SysConf.xml#//@systemConfigNetwork/@devices.2/@resource.0/@fBNetwork/@dataConnections.6"/>
        </outputVars>
        <outputVars xsi:type="libraryElement:AdapterDeclaration" name="PedLight" typeName="ATraficLight">
          <outputConnections href="SysConf.xml#//@systemConfigNetwork/@devices.2/@resource.0/@fBNetwork/@dataConnections.7"/>
        </outputVars>
        <outputVars xsi:type="libraryElement:AdapterDeclaration" name="timeOut" typeName="ATimeOut">
          <outputConnections href="SysConf.xml#//@systemConfigNetwork/@devices.2/@resource.0/@fBNetwork/@dataConnections.8"/>
        </outputVars>
      </interface>
      <position x="19" y="228"/>
      <resource href="SysConf.xml#//@systemConfigNetwork/@devices.2/@resource.0/@fBNetwork"/>
    </fBs>
    <fBs name="E_SR_0" identifier="true" id="_CWN4UFYlEeS3K-a0hVVF4Q" fbtPath="events/E_SR.fbt">
      <interface>
        <eventInputs name="S" comment="Set Event" isInput="true">
          <inputConnections href="#//@fbNetwork/@eventConnections.7"/>
          <inputConnections href="SysConf.xml#//@systemConfigNetwork/@devices.2/@resource.0/@fBNetwork/@eventConnections.8"/>
        </eventInputs>
        <eventInputs name="R" comment="Reset Event" isInput="true">
          <inputConnections href="#//@fbNetwork/@eventConnections.8"/>
          <inputConnections href="SysConf.xml#//@systemConfigNetwork/@devices.2/@resource.0/@fBNetwork/@eventConnections.9"/>
        </eventInputs>
        <eventOutputs name="EO" comment="Output Event">
          <with variables="//@fbNetwork/@fBs.15/@interface/@outputVars.0"/>
          <outputConnections href="SysConf.xml#//@systemConfigNetwork/@devices.2/@resource.0/@fBNetwork/@eventConnections.7"/>
        </eventOutputs>
        <outputVars name="Q" comment="Current Output State" arraySize="-1" typeName="BOOL" withs="//@fbNetwork/@fBs.15/@interface/@eventOutputs.0/@with.0">
          <outputConnections href="SysConf.xml#//@systemConfigNetwork/@devices.2/@resource.0/@fBNetwork/@dataConnections.9"/>
        </outputVars>
      </interface>
      <position x="-129" y="106"/>
      <resource href="SysConf.xml#//@systemConfigNetwork/@devices.2/@resource.0/@fBNetwork"/>
    </fBs>
    <dataConnections brokenConnection="true" source="//@fbNetwork/@fBs.9/@interface/@outputVars.0" destination="//@fbNetwork/@fBs.0/@interface/@inputVars.2"/>
    <dataConnections dx1="131" brokenConnection="true" source="//@fbNetwork/@fBs.9/@interface/@outputVars.1" destination="//@fbNetwork/@fBs.1/@interface/@inputVars.2"/>
    <dataConnections dx1="103" brokenConnection="true" source="//@fbNetwork/@fBs.9/@interface/@outputVars.2" destination="//@fbNetwork/@fBs.2/@interface/@inputVars.2"/>
    <dataConnections dx1="63" source="//@fbNetwork/@fBs.10/@interface/@outputVars.0" destination="//@fbNetwork/@fBs.4/@interface/@inputVars.2"/>
    <dataConnections source="//@fbNetwork/@fBs.10/@interface/@outputVars.1" destination="//@fbNetwork/@fBs.3/@interface/@inputVars.2"/>
    <eventConnections brokenConnection="true" source="//@fbNetwork/@fBs.9/@interface/@eventOutputs.0" destination="//@fbNetwork/@fBs.0/@interface/@eventInputs.1"/>
    <eventConnections dx1="44" brokenConnection="true" source="//@fbNetwork/@fBs.9/@interface/@eventOutputs.0" destination="//@fbNetwork/@fBs.1/@interface/@eventInputs.1"/>
    <eventConnections dx1="45" brokenConnection="true" source="//@fbNetwork/@fBs.9/@interface/@eventOutputs.0" destination="//@fbNetwork/@fBs.2/@interface/@eventInputs.1"/>
    <eventConnections brokenConnection="true" source="//@fbNetwork/@fBs.10/@interface/@eventOutputs.0" destination="//@fbNetwork/@fBs.4/@interface/@eventInputs.1"/>
    <eventConnections dx1="96" brokenConnection="true" source="//@fbNetwork/@fBs.10/@interface/@eventOutputs.0" destination="//@fbNetwork/@fBs.3/@interface/@eventInputs.1"/>
    <eventConnections dy="73" source="//@fbNetwork/@fBs.2/@interface/@eventOutputs.0" destination="//@fbNetwork/@fBs.6/@interface/@eventInputs.0"/>
    <eventConnections dx2="-68" dy="727" brokenConnection="true" source="//@fbNetwork/@fBs.7/@interface/@eventOutputs.1" destination="//@fbNetwork/@fBs.14/@interface/@eventInputs.2"/>
    <eventConnections dx1="87" brokenConnection="true" source="//@fbNetwork/@fBs.12/@interface/@eventOutputs.1" destination="//@fbNetwork/@fBs.15/@interface/@eventInputs.0"/>
    <eventConnections dx1="89" brokenConnection="true" source="//@fbNetwork/@fBs.13/@interface/@eventOutputs.1" destination="//@fbNetwork/@fBs.15/@interface/@eventInputs.1"/>
    <application href="TraficLight.xml#//@application.0"/>
  </fbNetwork>
</org.fordiac.ide.model.ui:UIFBNetwork>
