<?xml version="1.0" encoding="UTF-8"?>
<libraryElement:AutomationSystem xmi:version="2.0" xmlns:xmi="http://www.omg.org/XMI" xmlns:libraryElement="org.fordiac.ide.model.libraryElement" name="TraficLight" id="_W2YuIAhwEeSLwp-WI82EYg">
  <versionInfo author="Author" organization="4DIAC-Consortium" version="1.0"/>
  <identification/>
  <application comment="" name="PedestrianCrossing">
    <fBNetwork href="PedestrianCrossing.xml#//@fbNetwork"/>
  </application>
  <application comment="" name="BBBPedCrossing">
    <fBNetwork href="BBBPedCrossing.xml#//@fbNetwork"/>
  </application>
  <systemConfiguration>
    <systemConfigurationNetwork href="SysConf.xml#//@systemConfigNetwork"/>
  </systemConfiguration>
</libraryElement:AutomationSystem>
